{
  "policy": "random",
  "scenario": "hard",
  "n_samples": 1000,
  "accuracy": 45.8,
  "accuracy_on_completed": 51.46067415730337,
  "reliability": 89.0,
  "dropped_responses": 11.0,
  "avg_latency_ms": 30.945819047046825,
  "exit_distribution": [
    0.316,
    0.271,
    0.076,
    0.227
  ],
  "trust_vector": [
    0.0075112719055455785,
    0.25531405682459657,
    0.006487323549893937,
    0.09314230255853434,
    0.17876796735762265,
    0.007077183974938276,
    0.016397987137683413,
    0.22820783816650522,
    0.05160175056710705,
    0.006250219243324211,
    0.009809327019609059,
    0.02475701063438138,
    0.006361782601068687,
    0.07440682607444846,
    0.00626859434358364,
    0.027638558041157595
  ],
  "peer_summary": {
    "peer_0": {
      "trust": 0.0075,
      "accuracy": 0.2693,
      "latency_ok": 0.9988,
      "calibration": 0.6366
    },
    "peer_1": {
      "trust": 0.2553,
      "accuracy": 0.374,
      "latency_ok": 0.6242,
      "calibration": 0.593
    },
    "peer_2": {
      "trust": 0.0065,
      "accuracy": 0.1826,
      "latency_ok": 0.6346,
      "calibration": 0.6526
    },
    "peer_3": {
      "trust": 0.0931,
      "accuracy": 0.2623,
      "latency_ok": 0.6243,
      "calibration": 0.6208
    },
    "peer_4": {
      "trust": 0.1788,
      "accuracy": 0.5968,
      "latency_ok": 0.9496,
      "calibration": 0.5727
    },
    "peer_5": {
      "trust": 0.0071,
      "accuracy": 0.5557,
      "latency_ok": 0.7921,
      "calibration": 0.6471
    },
    "peer_6": {
      "trust": 0.0164,
      "accuracy": 0.5789,
      "latency_ok": 0.965,
      "calibration": 0.5752
    },
    "peer_7": {
      "trust": 0.2282,
      "accuracy": 0.607,
      "latency_ok": 0.5931,
      "calibration": 0.6409
    },
    "peer_8": {
      "trust": 0.0516,
      "accuracy": 0.5252,
      "latency_ok": 0.6873,
      "calibration": 0.5301
    },
    "peer_9": {
      "trust": 0.0063,
      "accuracy": 0.3195,
      "latency_ok": 0.5459,
      "calibration": 0.5568
    },
    "peer_10": {
      "trust": 0.0098,
      "accuracy": 0.3807,
      "latency_ok": 0.9332,
      "calibration": 0.5493
    },
    "peer_11": {
      "trust": 0.0248,
      "accuracy": 0.2345,
      "latency_ok": 0.9969,
      "calibration": 0.5097
    },
    "peer_12": {
      "trust": 0.0064,
      "accuracy": 0.2676,
      "latency_ok": 0.9906,
      "calibration": 0.5
    },
    "peer_13": {
      "trust": 0.0744,
      "accuracy": 0.2842,
      "latency_ok": 0.9987,
      "calibration": 0.5
    },
    "peer_14": {
      "trust": 0.0063,
      "accuracy": 0.475,
      "latency_ok": 0.9997,
      "calibration": 0.5
    },
    "peer_15": {
      "trust": 0.0276,
      "accuracy": 0.2764,
      "latency_ok": 0.4601,
      "calibration": 0.5
    }
  },
  "trust_trace": [
    {
      "sample": 32,
      "trust": [
        0.014643584949049377,
        0.15558184148246876,
        0.00806115752549294,
        0.009210217556035684,
        0.020507276090404595,
        0.011540191837850591,
        0.12355743046354001,
        0.07632007772151858,
        0.00643171171468621,
        0.26796614042893485,
        0.030438526132139362,
        0.20812033458732954,
        0.00643171171468621,
        0.00643171171468621,
        0.04832637436649103,
        0.00643171171468621
      ]
    },
    {
      "sample": 64,
      "trust": [
        0.00959089831407394,
        0.044678662351317996,
        0.006934921022967774,
        0.007291331855567825,
        0.01236679991766196,
        0.008430314021733455,
        0.0063834557202169075,
        0.03525012810068242,
        0.2841935495537332,
        0.14567885307473305,
        0.016705631044307955,
        0.07281960571431588,
        0.11593535979859224,
        0.00625017231580392,
        0.022600370634141154,
        0.20488994656015036
      ]
    },
    {
      "sample": 96,
      "trust": [
        0.009501792689839484,
        0.04313192701243473,
        0.0069306460115180985,
        0.007318001916542953,
        0.011574652716976127,
        0.008529556242426586,
        0.035776768910743786,
        0.021014936060702892,
        0.2141946444035788,
        0.10130764830876775,
        0.006263833498924858,
        0.07576173257691596,
        0.006415082578973953,
        0.27686617633792715,
        0.015847392281865862,
        0.15956520845186115
      ]
    },
    {
      "sample": 128,
      "trust": [
        0.020220440548271528,
        0.09019822406023303,
        0.009575845270315545,
        0.01112215191324037,
        0.033005521759975384,
        0.01710884030445031,
        0.08678168573647554,
        0.04785306673197291,
        0.2702968959356347,
        0.21258171223950398,
        0.006250091672543861,
        0.0066756091502443195,
        0.16600426641812924,
        0.008739989365291032,
        0.006308461029096255,
        0.007277197864621942
      ]
    },
    {
      "sample": 160,
      "trust": [
        0.008946380014333408,
        0.037840239251120296,
        0.006868417655087675,
        0.007157495817214595,
        0.011693662562170064,
        0.008056756320897467,
        0.03506817007448131,
        0.006293447346285029,
        0.20867032986694367,
        0.10404552611878744,
        0.014798636398042877,
        0.07824274381579843,
        0.006459482679304363,
        0.2839290160038489,
        0.02074150647802748,
        0.16118818959765707
      ]
    },
    {
      "sample": 192,
      "trust": [
        0.008969344573369233,
        0.05346515232936612,
        0.006777313972303797,
        0.007043317728186137,
        0.011458981759459077,
        0.007951874040055072,
        0.052066625457280996,
        0.02989624048169269,
        0.282439488475178,
        0.006374810848710222,
        0.014688784783321614,
        0.11295723825286079,
        0.16202525845202928,
        0.006751293125347467,
        0.021079290887789606,
        0.21605498483304972
      ]
    },
    {
      "sample": 224,
      "trust": [
        0.011741818089943646,
        0.035512040695718436,
        0.007266795505321353,
        0.007777429953807147,
        0.016950943045421957,
        0.00954385183635321,
        0.037773261752275654,
        0.01869437795842474,
        0.23559532543083203,
        0.1049893194115522,
        0.006269107614178391,
        0.0770002659801092,
        0.006693250856592883,
        0.2842731729379301,
        0.0062839593331486445,
        0.13363507959839038
      ]
    },
    {
      "sample": 256,
      "trust": [
        0.010309104959555898,
        0.08627221559677821,
        0.0069583275454169514,
        0.007428324112457799,
        0.01495389864254418,
        0.008654864105588132,
        0.07680927279703886,
        0.03755542083998701,
        0.29513602143800644,
        0.2199919974542619,
        0.01844958233273166,
        0.006384580842498701,
        0.1663054151087048,
        0.007025075594580638,
        0.031264945839300076,
        0.006500952790548781
      ]
    },
    {
      "sample": 288,
      "trust": [
        0.007935922413119351,
        0.042614888252746494,
        0.006540935525697919,
        0.006703694901767931,
        0.009923202647238075,
        0.007229668536009483,
        0.039447000603689567,
        0.021416339877048832,
        0.2228786317631076,
        0.10354545665140696,
        0.011207936529072447,
        0.08355923607640206,
        0.006390510970455872,
        0.28881251411161274,
        0.017561900764758623,
        0.12423216037586615
      ]
    },
    {
      "sample": 320,