{
  "policy": "trust",
  "scenario": "medium",
  "n_samples": 1000,
  "accuracy": 59.0,
  "accuracy_on_completed": 59.0,
  "reliability": 100.0,
  "dropped_responses": 0.0,
  "avg_latency_ms": 16.765564801869914,
  "exit_distribution": [
    0.275,
    0.329,
    0.074,
    0.322
  ],
  "trust_vector": [
    0.1464392109205163,
    0.00625,
    0.00625,
    0.00625,
    0.22684751402159997,
    0.00625,
    0.00625,
    0.00625,
    0.2643239290783854,
    0.00625,
    0.00625,
    0.00625,
    0.28738934597949833,
    0.00625,
    0.00625,
    0.00625
  ],
  "peer_summary": {
    "peer_0": {
      "trust": 0.1464,
      "accuracy": 0.3174,
      "latency_ok": 0.9499,
      "calibration": 0.6567
    },
    "peer_1": {
      "trust": 0.0063,
      "accuracy": 0.5,
      "latency_ok": 1.0,
      "calibration": 0.5
    },
    "peer_2": {
      "trust": 0.0063,
      "accuracy": 0.5,
      "latency_ok": 1.0,
      "calibration": 0.5
    },
    "peer_3": {
      "trust": 0.0063,
      "accuracy": 0.5,
      "latency_ok": 1.0,
      "calibration": 0.5
    },
    "peer_4": {
      "trust": 0.2268,
      "accuracy": 0.631,
      "latency_ok": 0.9765,
      "calibration": 0.688
    },
    "peer_5": {
      "trust": 0.0063,
      "accuracy": 0.5,
      "latency_ok": 1.0,
      "calibration": 0.5
    },
    "peer_6": {
      "trust": 0.0063,
      "accuracy": 0.5,
      "latency_ok": 1.0,
      "calibration": 0.5
    },
    "peer_7": {
      "trust": 0.0063,
      "accuracy": 0.5,
      "latency_ok": 1.0,
      "calibration": 0.5
    },
    "peer_8": {
      "trust": 0.2643,
      "accuracy": 0.4091,
      "latency_ok": 0.9839,
      "calibration": 0.6742
    },
    "peer_9": {
      "trust": 0.0063,
      "accuracy": 0.5,
      "latency_ok": 1.0,
      "calibration": 0.5
    },
    "peer_10": {
      "trust": 0.0063,
      "accuracy": 0.5,
      "latency_ok": 1.0,
      "calibration": 0.5
    },
    "peer_11": {
      "trust": 0.0063,
      "accuracy": 0.5,
      "latency_ok": 1.0,
      "calibration": 0.5
    },
    "peer_12": {
      "trust": 0.2874,
      "accuracy": 0.3092,
      "latency_ok": 0.973,
      "calibration": 0.5
    },
    "peer_13": {
      "trust": 0.0063,
      "accuracy": 0.5,
      "latency_ok": 1.0,
      "calibration": 0.5
    },
    "peer_14": {
      "trust": 0.0063,
      "accuracy": 0.5,
      "latency_ok": 1.0,
      "calibration": 0.5
    },
    "peer_15": {
      "trust": 0.0063,
      "accuracy": 0.5,
      "latency_ok": 1.0,
      "calibration": 0.5
    }
  },
  "trust_trace": [
    {
      "sample": 32,
      "trust": [
        0.10951031333052438,
        0.016959896738407997,
        0.016959896738407997,
        0.016959896738407997,
        0.17063911219453062,
        0.016959896738407997,
        0.016959896738407997,
        0.016959896738407997,
        0.228947912505953,
        0.016959896738407997,
        0.016959896738407997,
        0.016959896738407997,
        0.2873839011080961,
        0.016959896738407997,
        0.016959896738407997,
        0.016959896738407997
      ]
    },
    {
      "sample": 64,
      "trust": [
        0.13217753746035335,
        0.008977156558694634,
        0.008977156558694634,
        0.008977156558694634,
        0.2011575384349286,
        0.008977156558694634,
        0.008977156558694634,
        0.008977156558694634,
        0.2584419409772785,
        0.008977156558694634,
        0.008977156558694634,
        0.008977156558694634,
        0.300497104423104,
        0.008977156558694634,
        0.008977156558694634,
        0.008977156558694634
      ]
    },
    {
      "sample": 96,
      "trust": [
        0.13519411727793199,
        0.0069775984380575674,
        0.0069775984380575674,
        0.0069775984380575674,
        0.20688309191683074,
        0.0069775984380575674,
        0.0069775984380575674,
        0.0069775984380575674,
        0.2678956422973681,
        0.0069775984380575674,
        0.0069775984380575674,
        0.0069775984380575674,
        0.30629596725117836,
        0.0069775984380575674,
        0.0069775984380575674,
        0.0069775984380575674
      ]
    },
    {
      "sample": 128,
      "trust": [
        0.13465672293667658,
        0.006444080966259803,
        0.006444080966259803,
        0.006444080966259803,
        0.2110409449855909,
        0.006444080966259803,
        0.006444080966259803,
        0.006444080966259803,
        0.2697769023119825,
        0.006444080966259803,
        0.006444080966259803,
        0.006444080966259803,
        0.30719645817063246,
        0.006444080966259803,
        0.006444080966259803,
        0.006444080966259803
      ]
    },
    {
      "sample": 160,
      "trust": [
        0.13358844037454154,
        0.006300066002557964,
        0.006300066002557964,
        0.006300066002557964,
        0.20978378880078527,
        0.006300066002557964,
        0.006300066002557964,
        0.006300066002557964,
        0.2695862327128265,
        0.006300066002557964,
        0.006300066002557964,
        0.006300066002557964,
        0.31144074608115113,
        0.006300066002557964,
        0.006300066002557964,
        0.006300066002557964
      ]
    },
    {
      "sample": 192,
      "trust": [
        0.13174125193925457,
        0.006262743839905719,
        0.006262743839905719,
        0.006262743839905719,
        0.20840066486225536,
        0.006262743839905719,
        0.006262743839905719,
        0.006262743839905719,
        0.2712059368600321,
        0.006262743839905719,
        0.006262743839905719,
        0.006262743839905719,
        0.3134992202595893,
        0.006262743839905719,
        0.006262743839905719,
        0.006262743839905719
      ]
    },
    {
      "sample": 224,
      "trust": [
        0.13401408406157628,
        0.006253330393130554,
        0.006253330393130554,
        0.006253330393130554,
        0.20971454183439966,
        0.006253330393130554,
        0.006253330393130554,
        0.006253330393130554,
        0.2729052805405729,
        0.006253330393130554,
        0.006253330393130554,
        0.006253330393130554,
        0.30832612884588445,
        0.006253330393130554,
        0.006253330393130554,
        0.006253330393130554
      ]
    },
    {
      "sample": 256,
      "trust": [
        0.1286952492806027,
        0.006250818853900577,
        0.006250818853900577,
        0.006250818853900577,
        0.20521580196646447,
        0.006250818853900577,
        0.006250818853900577,
        0.006250818853900577,
        0.2748857017759505,
        0.006250818853900577,
        0.006250818853900577,
        0.006250818853900577,
        0.3161934207301754,
        0.006250818853900577,
        0.006250818853900577,
        0.006250818853900577
      ]
    },
    {
      "sample": 288,
      "trust": [
        0.1256937551806863,
        0.0062502032451841796,
        0.0062502032451841796,
        0.0062502032451841796,
        0.20618044427162424,
        0.0062502032451841796,
        0.0062502032451841796,
        0.0062502032451841796,
        0.27348897911760517,
        0.0062502032451841796,
        0.0062502032451841796,
        0.0062502032451841796,
        0.31963438248787407,
        0.0062502032451841796,
        0.0062502032451841796,
        0.0062502032451841796
      ]
    },
    {
      "sample": 320,
      "trust": [
        0.12801768915554212,
        0.006250051557616124,
        0.006250051557616124,
        0.006250051557616124,
        0.2079066902098922,
        0.006250051557616124,
        0.006250051557616124,
        0.006250051557616124,
        0.26954324945111746,
        0.006250051557616124,
        0.006250051557616124,
        0.006250051557616124,
        0.3195317524920548,
        0.006250051557616124,
        0.006250051557616124,
        0.006250051557616124
      ]
    },
    {
      "sample": 352,