{
  "policy": "trust",
  "scenario": "hard",
  "n_samples": 250,
  "accuracy": 66.8,
  "accuracy_on_completed": 67.33870967741936,
  "reliability": 99.2,
  "dropped_responses": 0.8,
  "avg_latency_ms": 35.83607366681099,
  "trust_override_count": 167,
  "exit_distribution": [
    0.008,
    0.732,
    0.248,
    0.004
  ],
  "trust_vector": [
    0.27568250970095515,
    0.007557601193145872,
    0.007557601193145872,
    0.007557601193145872,
    0.3454201232268374,
    0.007557601193145872,
    0.007557601193145872,
    0.007557601193145872,
    0.2806485515613111,
    0.007557601193145872,
    0.007557601193145872,
    0.007557601193145872,
    0.007557601193145872,
    0.007557601193145872,
    0.007557601193145872,
    0.007557601193145872
  ],
  "peer_summary": {
    "peer_0": {
      "trust": 0.2757,
      "accuracy": 0.2396,
      "latency_ok": 0.7718,
      "calibration": 0.7385
    },
    "peer_1": {
      "trust": 0.0076,
      "accuracy": 0.5,
      "latency_ok": 1.0,
      "calibration": 0.5
    },
    "peer_2": {
      "trust": 0.0076,
      "accuracy": 0.5,
      "latency_ok": 1.0,
      "calibration": 0.5
    },
    "peer_3": {
      "trust": 0.0076,
      "accuracy": 0.5,
      "latency_ok": 1.0,
      "calibration": 0.5
    },
    "peer_4": {
      "trust": 0.3454,
      "accuracy": 0.5986,
      "latency_ok": 0.8719,
      "calibration": 0.7298
    },
    "peer_5": {
      "trust": 0.0076,
      "accuracy": 0.5,
      "latency_ok": 1.0,
      "calibration": 0.5
    },
    "peer_6": {
      "trust": 0.0076,
      "accuracy": 0.5,
      "latency_ok": 1.0,
      "calibration": 0.5
    },
    "peer_7": {
      "trust": 0.0076,
      "accuracy": 0.5,
      "latency_ok": 1.0,
      "calibration": 0.5
    },
    "peer_8": {
      "trust": 0.2806,
      "accuracy": 0.522,
      "latency_ok": 0.0576,
      "calibration": 0.648
    },
    "peer_9": {
      "trust": 0.0076,
      "accuracy": 0.5,
      "latency_ok": 1.0,
      "calibration": 0.5
    },
    "peer_10": {
      "trust": 0.0076,
      "accuracy": 0.5,
      "latency_ok": 1.0,
      "calibration": 0.5
    },
    "peer_11": {
      "trust": 0.0076,
      "accuracy": 0.5,
      "latency_ok": 1.0,
      "calibration": 0.5
    },
    "peer_12": {
      "trust": 0.0076,
      "accuracy": 0.5,
      "latency_ok": 1.0,
      "calibration": 0.5
    },
    "peer_13": {
      "trust": 0.0076,
      "accuracy": 0.5,
      "latency_ok": 1.0,
      "calibration": 0.5
    },
    "peer_14": {
      "trust": 0.0076,
      "accuracy": 0.5,
      "latency_ok": 1.0,
      "calibration": 0.5
    },
    "peer_15": {
      "trust": 0.0076,
      "accuracy": 0.5,
      "latency_ok": 1.0,
      "calibration": 0.5
    }
  },
  "trust_trace": [
    {
      "sample": 32,
      "trust": [
        0.16452235708733803,
        0.024797758648589463,
        0.024797758648589463,
        0.024797758648589463,
        0.23958700596872592,
        0.024797758648589463,
        0.024797758648589463,
        0.024797758648589463,
        0.273519774512273,
        0.024797758648589463,
        0.024797758648589463,
        0.024797758648589463,
        0.024797758648589463,
        0.024797758648589463,
        0.024797758648589463,
        0.024797758648589463
      ]
    },
    {
      "sample": 64,
      "trust": [
        0.21139565468155605,
        0.01572520717013308,
        0.015725207170133083,
        0.01572520717013308,
        0.290089565778809,
        0.01572520717013308,
        0.015725207170133083,
        0.01572520717013308,
        0.2940870863279048,
        0.01572520717013308,
        0.015725207170133083,
        0.01572520717013308,
        0.015725207170133083,
        0.01572520717013308,
        0.015725207170133083,
        0.01572520717013308
      ]
    },
    {
      "sample": 96,
      "trust": [
        0.23118139388878484,
        0.012040034980851036,
        0.012040034980851036,
        0.012040034980851036,
        0.313894457484573,
        0.012040034980851036,
        0.012040034980851036,
        0.012040034980851036,
        0.29840369387557864,
        0.012040034980851036,
        0.012040034980851036,
        0.012040034980851036,
        0.012040034980851036,
        0.012040034980851036,
        0.012040034980851036,
        0.012040034980851036
      ]
    },
    {
      "sample": 128,
      "trust": [
        0.24702194527175472,
        0.010063348222105542,
        0.010063348222105544,
        0.010063348222105542,
        0.3273474588670989,
        0.010063348222105542,
        0.010063348222105544,
        0.010063348222105542,
        0.2948070689737744,
        0.010063348222105542,
        0.010063348222105544,
        0.010063348222105542,
        0.010063348222105544,
        0.010063348222105542,
        0.010063348222105544,
        0.010063348222105542
      ]
    },
    {
      "sample": 160,
      "trust": [
        0.26220851761334824,
        0.008931899347266343,
        0.008931899347266344,
        0.008931899347266343,
        0.33657605635709864,
        0.008931899347266343,
        0.008931899347266344,
        0.008931899347266343,
        0.28510073451509077,
        0.008931899347266343,
        0.008931899347266344,
        0.008931899347266343,
        0.008931899347266344,
        0.008931899347266343,
        0.008931899347266344,
        0.008931899347266343
      ]
    },
    {
      "sample": 192,
      "trust": [
        0.2641393285380065,
        0.008211801043571415,
        0.008211801043571415,
        0.008211801043571415,
        0.33866764690447915,
        0.008211801043571415,
        0.008211801043571415,
        0.008211801043571415,
        0.2904396109910859,
        0.008211801043571415,
        0.008211801043571415,
        0.008211801043571415,
        0.008211801043571415,
        0.008211801043571415,
        0.008211801043571415,
        0.008211801043571415
      ]
    },
    {
      "sample": 224,
      "trust": [
        0.27603567820368097,
        0.00786357901413329,
        0.00786357901413329,
        0.00786357901413329,
        0.3465899396024132,
        0.00786357901413329,
        0.00786357901413329,
        0.00786357901413329,
        0.2751478550101732,
        0.00786357901413329,
        0.00786357901413329,
        0.00786357901413329,
        0.00786357901413329,
        0.00786357901413329,
        0.00786357901413329,
        0.00786357901413329
      ]
    },
    {
      "sample": 250,
      "trust": [
        0.27568250970095515,
        0.007557601193145872,
        0.007557601193145872,
        0.007557601193145872,
        0.3454201232268374,
        0.007557601193145872,
        0.007557601193145872,
        0.007557601193145872,
        0.2806485515613111,
        0.007557601193145872,
        0.007557601193145872,
        0.007557601193145872,
        0.007557601193145872,
        0.007557601193145872,
        0.007557601193145872,
        0.007557601193145872
      ]
    }
  ],
  "run_seconds": 9.034330500289798
}