{
  "policy": "trust",
  "scenario": "hard",
  "n_samples": 250,
  "accuracy": 61.6,
  "accuracy_on_completed": 64.70588235294117,
  "reliability": 95.2,
  "dropped_responses": 4.8,
  "avg_latency_ms": 46.81583996117115,
  "trust_override_count": 193,
  "exit_distribution": [
    0.008,
    0.724,
    0.216,
    0.004
  ],
  "trust_vector": [
    0.26047355902545105,
    0.009811367537273482,
    0.009811367537273482,
    0.009811367537273482,
    0.34720533730752706,
    0.009811367537273482,
    0.009811367537273482,
    0.009811367537273482,
    0.26477332568246664,
    0.009811367537273482,
    0.009811367537273482,
    0.009811367537273482,
    0.009811367537273482,
    0.009811367537273482,
    0.009811367537273482,
    0.009811367537273482
  ],
  "peer_summary": {
    "peer_0": {
      "trust": 0.2605,
      "accuracy": 0.2105,
      "latency_ok": 0.4488,
      "calibration": 0.7356
    },
    "peer_1": {
      "trust": 0.0098,
      "accuracy": 0.5,
      "latency_ok": 1.0,
      "calibration": 0.5
    },
    "peer_2": {
      "trust": 0.0098,
      "accuracy": 0.5,
      "latency_ok": 1.0,
      "calibration": 0.5
    },
    "peer_3": {
      "trust": 0.0098,
      "accuracy": 0.5,
      "latency_ok": 1.0,
      "calibration": 0.5
    },
    "peer_4": {
      "trust": 0.3472,
      "accuracy": 0.5961,
      "latency_ok": 0.6159,
      "calibration": 0.7268
    },
    "peer_5": {
      "trust": 0.0098,
      "accuracy": 0.5,
      "latency_ok": 1.0,
      "calibration": 0.5
    },
    "peer_6": {
      "trust": 0.0098,
      "accuracy": 0.5,
      "latency_ok": 1.0,
      "calibration": 0.5
    },
    "peer_7": {
      "trust": 0.0098,
      "accuracy": 0.5,
      "latency_ok": 1.0,
      "calibration": 0.5
    },
    "peer_8": {
      "trust": 0.2648,
      "accuracy": 0.4315,
      "latency_ok": 0.0576,
      "calibration": 0.6312
    },
    "peer_9": {
      "trust": 0.0098,
      "accuracy": 0.5,
      "latency_ok": 1.0,
      "calibration": 0.5
    },
    "peer_10": {
      "trust": 0.0098,
      "accuracy": 0.5,
      "latency_ok": 1.0,
      "calibration": 0.5
    },
    "peer_11": {
      "trust": 0.0098,
      "accuracy": 0.5,
      "latency_ok": 1.0,
      "calibration": 0.5
    },
    "peer_12": {
      "trust": 0.0098,
      "accuracy": 0.5,
      "latency_ok": 1.0,
      "calibration": 0.5
    },
    "peer_13": {
      "trust": 0.0098,
      "accuracy": 0.5,
      "latency_ok": 1.0,
      "calibration": 0.5
    },
    "peer_14": {
      "trust": 0.0098,
      "accuracy": 0.5,
      "latency_ok": 1.0,
      "calibration": 0.5
    },
    "peer_15": {
      "trust": 0.0098,
      "accuracy": 0.5,
      "latency_ok": 1.0,
      "calibration": 0.5
    }
  },
  "trust_trace": [
    {
      "sample": 32,
      "trust": [
        0.16188904588508152,
        0.025438788213284057,
        0.025438788213284057,
        0.025438788213284057,
        0.2406235685457709,
        0.025438788213284057,
        0.025438788213284057,
        0.025438788213284057,
        0.2667831387964549,
        0.025438788213284057,
        0.025438788213284057,
        0.025438788213284057,
        0.025438788213284057,
        0.025438788213284057,
        0.025438788213284057,
        0.025438788213284057
      ]
    },
    {
      "sample": 64,
      "trust": [
        0.21097945636934753,
        0.016782814428736602,
        0.016782814428736602,
        0.016782814428736602,
        0.29411507154230615,
        0.016782814428736602,
        0.016782814428736602,
        0.016782814428736602,
        0.2767288845147705,
        0.016782814428736602,
        0.016782814428736602,
        0.016782814428736602,
        0.016782814428736602,
        0.016782814428736602,
        0.016782814428736602,
        0.016782814428736602
      ]
    },
    {
      "sample": 96,
      "trust": [
        0.23368232670067338,
        0.013577547197312446,
        0.013577547197312445,
        0.013577547197312446,
        0.3213594702932139,
        0.013577547197312446,
        0.013577547197312445,
        0.013577547197312446,
        0.2684500894410509,
        0.013577547197312446,
        0.013577547197312445,
        0.013577547197312446,
        0.013577547197312445,
        0.013577547197312446,
        0.013577547197312445,
        0.013577547197312446
      ]
    },
    {
      "sample": 128,
      "trust": [
        0.2426334084725056,
        0.011871642245987442,
        0.011871642245987442,
        0.011871642245987442,
        0.333350989951373,
        0.011871642245987442,
        0.011871642245987442,
        0.011871642245987442,
        0.26968425237828464,
        0.011871642245987442,
        0.011871642245987442,
        0.011871642245987442,
        0.011871642245987442,
        0.011871642245987442,
        0.011871642245987442,
        0.011871642245987442
      ]
    },
    {
      "sample": 160,
      "trust": [
        0.2540845210594335,
        0.01079590837614535,
        0.01079590837614535,
        0.01079590837614535,
        0.34256306452850643,
        0.01079590837614535,
        0.01079590837614535,
        0.01079590837614535,
        0.26300560552217067,
        0.01079590837614535,
        0.01079590837614535,
        0.01079590837614535,
        0.01079590837614535,
        0.01079590837614535,
        0.01079590837614535,
        0.01079590837614535
      ]
    },
    {
      "sample": 192,
      "trust": [
        0.25302231668571556,
        0.010012170056884259,
        0.010012170056884259,
        0.010012170056884259,
        0.3411074481493447,
        0.010012170056884259,
        0.010012170056884259,
        0.010012170056884259,
        0.2757120244254444,
        0.010012170056884259,
        0.010012170056884259,
        0.010012170056884259,
        0.010012170056884259,
        0.010012170056884259,
        0.010012170056884259,
        0.010012170056884259
      ]
    },
    {
      "sample": 224,
      "trust": [
        0.26719245160796745,
        0.00996358756993157,
        0.00996358756993157,
        0.00996358756993157,
        0.35193134761887546,
        0.00996358756993157,
        0.00996358756993157,
        0.00996358756993157,
        0.25134956236404676,
        0.00996358756993157,
        0.00996358756993157,
        0.00996358756993157,
        0.00996358756993157,
        0.00996358756993157,
        0.00996358756993157,
        0.00996358756993157
      ]
    },
    {
      "sample": 250,
      "trust": [
        0.26047355902545105,
        0.009811367537273482,
        0.009811367537273482,
        0.009811367537273482,
        0.34720533730752706,
        0.009811367537273482,
        0.009811367537273482,
        0.009811367537273482,
        0.26477332568246664,
        0.009811367537273482,
        0.009811367537273482,
        0.009811367537273482,
        0.009811367537273482,
        0.009811367537273482,
        0.009811367537273482,
        0.009811367537273482
      ]
    }
  ],
  "run_seconds": 11.781098915729672
}