{
  "policy": "trust",
  "scenario": "hard",
  "n_samples": 250,
  "accuracy": 40.0,
  "accuracy_on_completed": 52.63157894736842,
  "reliability": 76.0,
  "dropped_responses": 24.0,
  "avg_latency_ms": 41.7362346611917,
  "trust_override_count": 138,
  "exit_distribution": [
    0.008,
    0.576,
    0.172,
    0.004
  ],
  "trust_vector": [
    0.2804562822198365,
    0.009546287170063781,
    0.009546287170063781,
    0.009546287170063781,
    0.3061709059850245,
    0.009546287170063781,
    0.009546287170063781,
    0.009546287170063781,
    0.28927107858430984,
    0.009546287170063781,
    0.009546287170063781,
    0.009546287170063781,
    0.009546287170063781,
    0.009546287170063781,
    0.009546287170063781,
    0.009546287170063781
  ],
  "peer_summary": {
    "peer_0": {
      "trust": 0.2805,
      "accuracy": 0.2396,
      "latency_ok": 0.6796,
      "calibration": 0.7385
    },
    "peer_1": {
      "trust": 0.0095,
      "accuracy": 0.5,
      "latency_ok": 1.0,
      "calibration": 0.5
    },
    "peer_2": {
      "trust": 0.0095,
      "accuracy": 0.5,
      "latency_ok": 1.0,
      "calibration": 0.5
    },
    "peer_3": {
      "trust": 0.0095,
      "accuracy": 0.5,
      "latency_ok": 1.0,
      "calibration": 0.5
    },
    "peer_4": {
      "trust": 0.3062,
      "accuracy": 0.4241,
      "latency_ok": 0.5072,
      "calibration": 0.6879
    },
    "peer_5": {
      "trust": 0.0095,
      "accuracy": 0.5,
      "latency_ok": 1.0,
      "calibration": 0.5
    },
    "peer_6": {
      "trust": 0.0095,
      "accuracy": 0.5,
      "latency_ok": 1.0,
      "calibration": 0.5
    },
    "peer_7": {
      "trust": 0.0095,
      "accuracy": 0.5,
      "latency_ok": 1.0,
      "calibration": 0.5
    },
    "peer_8": {
      "trust": 0.2893,
      "accuracy": 0.5521,
      "latency_ok": 0.0576,
      "calibration": 0.6796
    },
    "peer_9": {
      "trust": 0.0095,
      "accuracy": 0.5,
      "latency_ok": 1.0,
      "calibration": 0.5
    },
    "peer_10": {
      "trust": 0.0095,
      "accuracy": 0.5,
      "latency_ok": 1.0,
      "calibration": 0.5
    },
    "peer_11": {
      "trust": 0.0095,
      "accuracy": 0.5,
      "latency_ok": 1.0,
      "calibration": 0.5
    },
    "peer_12": {
      "trust": 0.0095,
      "accuracy": 0.5,
      "latency_ok": 1.0,
      "calibration": 0.5
    },
    "peer_13": {
      "trust": 0.0095,
      "accuracy": 0.5,
      "latency_ok": 1.0,
      "calibration": 0.5
    },
    "peer_14": {
      "trust": 0.0095,
      "accuracy": 0.5,
      "latency_ok": 1.0,
      "calibration": 0.5
    },
    "peer_15": {
      "trust": 0.0095,
      "accuracy": 0.5,
      "latency_ok": 1.0,
      "calibration": 0.5
    }
  },
  "trust_trace": [
    {
      "sample": 32,
      "trust": [
        0.17040997965672744,
        0.02595683899474171,
        0.02595683899474171,
        0.02595683899474171,
        0.22335513059094683,
        0.02595683899474171,
        0.02595683899474171,
        0.02595683899474171,
        0.26879598282068357,
        0.02595683899474171,
        0.02595683899474171,
        0.02595683899474171,
        0.02595683899474171,
        0.02595683899474171,
        0.02595683899474171,
        0.02595683899474171
      ]
    },
    {
      "sample": 64,
      "trust": [
        0.219319339493008,
        0.01723010013314347,
        0.01723010013314347,
        0.01723010013314347,
        0.26493760818490064,
        0.01723010013314347,
        0.01723010013314347,
        0.01723010013314347,
        0.2917517505912262,
        0.01723010013314347,
        0.01723010013314347,
        0.01723010013314347,
        0.01723010013314347,
        0.01723010013314347,
        0.01723010013314347,
        0.01723010013314347
      ]
    },
    {
      "sample": 96,
      "trust": [
        0.24388245432770997,
        0.014165581662452471,
        0.014165581662452471,
        0.014165581662452471,
        0.2859416482783619,
        0.014165581662452471,
        0.014165581662452471,
        0.014165581662452471,
        0.2860233357820461,
        0.014165581662452471,
        0.014165581662452471,
        0.014165581662452471,
        0.014165581662452471,
        0.014165581662452471,
        0.014165581662452471,
        0.014165581662452471
      ]
    },
    {
      "sample": 128,
      "trust": [
        0.25843313372813737,
        0.012440629884866094,
        0.012440629884866094,
        0.012440629884866094,
        0.2942815364763178,
        0.012440629884866094,
        0.012440629884866094,
        0.012440629884866094,
        0.28555714129228565,
        0.012440629884866094,
        0.012440629884866094,
        0.012440629884866094,
        0.012440629884866094,
        0.012440629884866094,
        0.012440629884866094,
        0.012440629884866094
      ]
    },
    {
      "sample": 160,
      "trust": [
        0.27341738447480335,
        0.011407251542117153,
        0.011407251542117152,
        0.011407251542117153,
        0.2980121543229052,
        0.011407251542117153,
        0.011407251542117153,
        0.011407251542117153,
        0.28027619115476843,
        0.011407251542117153,
        0.011407251542117153,
        0.011407251542117153,
        0.011407251542117153,
        0.011407251542117153,
        0.011407251542117153,
        0.011407251542117153
      ]
    },
    {
      "sample": 192,
      "trust": [
        0.2778219877802952,
        0.010650401127020556,
        0.010650401127020556,
        0.010650401127020556,
        0.29984866774658747,
        0.010650401127020556,
        0.010650401127020558,
        0.010650401127020556,
        0.2838741298218502,
        0.010650401127020556,
        0.010650401127020558,
        0.010650401127020556,
        0.010650401127020558,
        0.010650401127020556,
        0.010650401127020558,
        0.010650401127020556
      ]
    },
    {
      "sample": 224,
      "trust": [
        0.2856969510551899,
        0.010196005058617195,
        0.010196005058617195,
        0.010196005058617195,
        0.3108185037496342,
        0.010196005058617195,
        0.010196005058617195,
        0.010196005058617195,
        0.27093647943315247,
        0.010196005058617195,
        0.010196005058617195,
        0.010196005058617195,
        0.010196005058617195,
        0.010196005058617195,
        0.010196005058617195,
        0.010196005058617195
      ]
    },
    {
      "sample": 250,
      "trust": [
        0.2804562822198365,
        0.009546287170063781,
        0.009546287170063781,
        0.009546287170063781,
        0.3061709059850245,
        0.009546287170063781,
        0.009546287170063781,
        0.009546287170063781,
        0.28927107858430984,
        0.009546287170063781,
        0.009546287170063781,
        0.009546287170063781,
        0.009546287170063781,
        0.009546287170063781,
        0.009546287170063781,
        0.009546287170063781
      ]
    }
  ],
  "run_seconds": 10.518876291811466
}