{
  "policy": "random",
  "scenario": "hard",
  "n_samples": 250,
  "accuracy": 48.0,
  "accuracy_on_completed": 51.94805194805195,
  "reliability": 92.4,
  "dropped_responses": 7.6,
  "avg_latency_ms": 55.99843815714121,
  "trust_override_count": 0,
  "exit_distribution": [
    0.368,
    0.336,
    0.076,
    0.144
  ],
  "trust_vector": [
    0.012023816718674326,
    0.04899872029748305,
    0.03066784503872575,
    0.011982769083304382,
    0.006332049039963377,
    0.11169404829849278,
    0.01689498218327266,
    0.0551563142593063,
    0.13690251355707922,
    0.05972590895877127,
    0.022120037597013423,
    0.21103290881508727,
    0.006476018111224538,
    0.009393938131371913,
    0.008421280067830928,
    0.2521768498423988
  ],
  "peer_summary": {
    "peer_0": {
      "trust": 0.012,
      "accuracy": 0.1658,
      "latency_ok": 0.2541,
      "calibration": 0.6986
    },
    "peer_1": {
      "trust": 0.049,
      "accuracy": 0.1215,
      "latency_ok": 0.4211,
      "calibration": 0.6396
    },
    "peer_2": {
      "trust": 0.0307,
      "accuracy": 0.2269,
      "latency_ok": 0.6258,
      "calibration": 0.6972
    },
    "peer_3": {
      "trust": 0.012,
      "accuracy": 0.4045,
      "latency_ok": 0.3479,
      "calibration": 0.7302
    },
    "peer_4": {
      "trust": 0.0063,
      "accuracy": 0.544,
      "latency_ok": 0.5278,
      "calibration": 0.6859
    },
    "peer_5": {
      "trust": 0.1117,
      "accuracy": 0.5126,
      "latency_ok": 0.3054,
      "calibration": 0.6217
    },
    "peer_6": {
      "trust": 0.0169,
      "accuracy": 0.3153,
      "latency_ok": 0.398,
      "calibration": 0.6741
    },
    "peer_7": {
      "trust": 0.0552,
      "accuracy": 0.6269,
      "latency_ok": 0.5228,
      "calibration": 0.7022
    },
    "peer_8": {
      "trust": 0.1369,
      "accuracy": 0.4715,
      "latency_ok": 0.2401,
      "calibration": 0.5
    },
    "peer_9": {
      "trust": 0.0597,
      "accuracy": 0.29,
      "latency_ok": 0.1681,
      "calibration": 0.5
    },
    "peer_10": {
      "trust": 0.0221,
      "accuracy": 0.6046,
      "latency_ok": 0.0576,
      "calibration": 0.5
    },
    "peer_11": {
      "trust": 0.211,
      "accuracy": 0.8024,
      "latency_ok": 0.0824,
      "calibration": 0.5
    },
    "peer_12": {
      "trust": 0.0065,
      "accuracy": 0.569,
      "latency_ok": 0.1681,
      "calibration": 0.5
    },
    "peer_13": {
      "trust": 0.0094,
      "accuracy": 0.35,
      "latency_ok": 0.2401,
      "calibration": 0.5
    },
    "peer_14": {
      "trust": 0.0084,
      "accuracy": 0.605,
      "latency_ok": 0.49,
      "calibration": 0.5
    },
    "peer_15": {
      "trust": 0.2522,
      "accuracy": 0.573,
      "latency_ok": 0.343,
      "calibration": 0.5
    }
  },
  "trust_trace": [
    {
      "sample": 32,
      "trust": [
        0.01204579138475517,
        0.16566331460189831,
        0.06955080739901257,
        0.010350721084174662,
        0.017291703746144072,
        0.2680176977075858,
        0.02419888460423942,
        0.11224031428131061,
        0.006672441215441977,
        0.21387892168874517,
        0.030379468638945285,
        0.006672441215441977,
        0.04302016878597904,
        0.006672441215441977,
        0.006672441215441977,
        0.006672441215441977
      ]
    },
    {
      "sample": 64,
      "trust": [
        0.01633785358168105,
        0.1536131154640785,
        0.07431080608306055,
        0.013034390532366718,
        0.02875014738493952,
        0.207394834114676,
        0.03571552730113969,
        0.10676329624060864,
        0.0062553351796133414,
        0.009707519482506945,
        0.04021577663733467,
        0.28241391864109777,
        0.006721473818056415,
        0.0062553351796133414,
        0.0062553351796133414,
        0.0062553351796133414
      ]
    },
    {
      "sample": 96,
      "trust": [
        0.0071288257956129185,
        0.0319470973793792,
        0.01735298875116955,
        0.006906276980869079,
        0.008636306465971149,
        0.06718286558470125,
        0.009353421980259943,
        0.023670290377240975,
        0.1040869356732965,
        0.04079962275195198,
        0.010182528576456537,
        0.22615217850346897,
        0.012604272037068669,
        0.006250005510989429,
        0.16513930528096984,
        0.262607078350594
      ]
    },
    {
      "sample": 128,
      "trust": [
        0.0084043292853943,
        0.05000946791980264,
        0.027179858133198342,
        0.00783376785638879,
        0.011198835027591392,
        0.10818743291210887,
        0.012933155548187192,
        0.044149159064858105,
        0.13229604596436995,
        0.057810989565330706,
        0.014591270445066806,
        0.22392583477253045,
        0.01920695609437711,
        0.26792715680887447,
        0.0068343511404656086,
        0.007511389461455421
      ]
    },
    {
      "sample": 160,
      "trust": [
        0.014118897841842398,
        0.09900435169008223,
        0.045683747075431484,
        0.012693195261135947,
        0.022286841036084703,
        0.15375766971130742,
        0.026009307833482327,
        0.09040826162636954,
        0.008227418049109163,
        0.006991993530352109,
        0.033063853837289256,
        0.21376158650508614,
        0.006437184919053349,
        0.25502895524952474,
        0.006258437707785038,
        0.006268298126064251
      ]
    },
    {
      "sample": 192,
      "trust": [
        0.00810077896682655,
        0.04038453588598645,
        0.020313335832410538,
        0.007578238508878028,
        0.009794955177786068,
        0.08905040478662254,
        0.011376633441582438,
        0.037870422864846695,
        0.08745460511973747,
        0.044937060982358785,
        0.012840947414056251,
        0.16876646442992602,
        0.017664152897152573,
        0.19742624413645848,
        0.006250022383489308,
        0.24019119717188184
      ]
    },
    {
      "sample": 224,
      "trust": [
        0.009540584907463082,
        0.06658467618859003,
        0.03624515618931915,
        0.009124921782770586,
        0.01408099025616223,
        0.11548013007269388,
        0.017216596015610906,
        0.06862743319577813,
        0.00676735849764144,
        0.006486668962013711,
        0.018383715930201314,
        0.2122052018844747,
        0.027516212256004924,
        0.2121292080492404,
        0.17139883160405367,
        0.008212314207981804
      ]
    },
    {
      "sample": 250,
      "trust": [
        0.012023816718674326,
        0.04899872029748305,
        0.03066784503872575,
        0.011982769083304382,
        0.006332049039963377,
        0.11169404829849278,
        0.01689498218327266,
        0.0551563142593063,
        0.13690251355707922,
        0.05972590895877127,
        0.022120037597013423,
        0.21103290881508727,
        0.006476018111224538,
        0.009393938131371913,
        0.008421280067830928,
        0.2521768498423988
      ]
    }
  ],
  "run_seconds": 14.093151957727969
}