{
  "policy": "random",
  "scenario": "hard",
  "n_samples": 250,
  "accuracy": 46.0,
  "accuracy_on_completed": 50.66079295154185,
  "reliability": 90.8,
  "dropped_responses": 9.2,
  "avg_latency_ms": 66.71398769877851,
  "trust_override_count": 0,
  "exit_distribution": [
    0.344,
    0.268,
    0.104,
    0.192
  ],
  "trust_vector": [
    0.01568652808467431,
    0.09070876570083147,
    0.008528630622736144,
    0.00978922919799489,
    0.02458261545104017,
    0.012705544327276335,
    0.0984406388774589,
    0.049517216632483846,
    0.2514689916762166,
    0.18494583084371718,
    0.027632956542332235,
    0.006835413910788501,
    0.16118452690237461,
    0.00877944462811472,
    0.04195860519587692,
    0.007235061406083272
  ],
  "peer_summary": {
    "peer_0": {
      "trust": 0.0157,
      "accuracy": 0.2855,
      "latency_ok": 0.4736,
      "calibration": 0.686
    },
    "peer_1": {
      "trust": 0.0907,
      "accuracy": 0.2932,
      "latency_ok": 0.2679,
      "calibration": 0.521
    },
    "peer_2": {
      "trust": 0.0085,
      "accuracy": 0.1195,
      "latency_ok": 0.2863,
      "calibration": 0.6378
    },
    "peer_3": {
      "trust": 0.0098,
      "accuracy": 0.1682,
      "latency_ok": 0.33,
      "calibration": 0.6991
    },
    "peer_4": {
      "trust": 0.0246,
      "accuracy": 0.6777,
      "latency_ok": 0.3304,
      "calibration": 0.604
    },
    "peer_5": {
      "trust": 0.0127,
      "accuracy": 0.375,
      "latency_ok": 0.4532,
      "calibration": 0.5354
    },
    "peer_6": {
      "trust": 0.0984,
      "accuracy": 0.6773,
      "latency_ok": 0.4981,
      "calibration": 0.5792
    },
    "peer_7": {
      "trust": 0.0495,
      "accuracy": 0.3226,
      "latency_ok": 0.3257,
      "calibration": 0.5653
    },
    "peer_8": {
      "trust": 0.2515,
      "accuracy": 0.6928,
      "latency_ok": 0.0824,
      "calibration": 0.5698
    },
    "peer_9": {
      "trust": 0.1849,
      "accuracy": 0.5676,
      "latency_ok": 0.0824,
      "calibration": 0.5
    },
    "peer_10": {
      "trust": 0.0276,
      "accuracy": 0.497,
      "latency_ok": 0.1681,
      "calibration": 0.5
    },
    "peer_11": {
      "trust": 0.0068,
      "accuracy": 0.5654,
      "latency_ok": 0.1176,
      "calibration": 0.5
    },
    "peer_12": {
      "trust": 0.1612,
      "accuracy": 0.6671,
      "latency_ok": 0.2401,
      "calibration": 0.5
    },
    "peer_13": {
      "trust": 0.0088,
      "accuracy": 0.535,
      "latency_ok": 0.343,
      "calibration": 0.5
    },
    "peer_14": {
      "trust": 0.042,
      "accuracy": 0.6602,
      "latency_ok": 0.1176,
      "calibration": 0.5
    },
    "peer_15": {
      "trust": 0.0072,
      "accuracy": 0.4004,
      "latency_ok": 0.1681,
      "calibration": 0.5
    }
  },
  "trust_trace": [
    {
      "sample": 32,
      "trust": [
        0.015841016309956102,
        0.14951632129378134,
        0.008429492727654378,
        0.009537178107480029,
        0.02267053012534537,
        0.012406541225206064,
        0.12899723037297015,
        0.0776782351459321,
        0.006468762401735662,
        0.26797384184039946,
        0.03272251614107969,
        0.1990186970189145,
        0.006468762401735662,
        0.006468762401735662,
        0.049333350084338194,
        0.006468762401735662
      ]
    },
    {
      "sample": 64,
      "trust": [
        0.011435508063039794,
        0.04537583455720711,
        0.007419866359339105,
        0.00785144538113526,
        0.015235779645414704,
        0.009742970285968714,
        0.00650302011765121,
        0.03992061814156284,
        0.27298956963425164,
        0.15055890043110196,
        0.019523454842299785,
        0.0675774724779311,
        0.11741973107614412,
        0.006250373695427135,
        0.024225829236280416,
        0.1979696260552452
      ]
    },
    {
      "sample": 96,
      "trust": [
        0.011558442675333173,
        0.04928906243928431,
        0.0076973718124152945,
        0.008228512530236307,
        0.014810100736990368,
        0.010467606722837699,
        0.04711961053908712,
        0.026892015965232944,
        0.1891657138511704,
        0.10439566470468892,
        0.006288451848568583,
        0.07353459575930758,
        0.006616167392904119,
        0.2679270020647037,
        0.017898917706696313,
        0.15811076325054327
      ]
    },
    {
      "sample": 128,
      "trust": [
        0.02393488631647194,
        0.08820296768958441,
        0.012419062404811207,
        0.014786674874074876,
        0.04174467087930606,
        0.02286012154728105,
        0.10548644345847022,
        0.06054846522257799,
        0.22528585477022892,
        0.19940651165941944,
        0.006250539346206367,
        0.0071122040265726,
        0.16588536972708204,
        0.011280879631997358,
        0.006401334343282087,
        0.008394014102633324
      ]
    },
    {
      "sample": 160,
      "trust": [
        0.011875961495802693,
        0.0475453694069319,
        0.008306548575283101,
        0.008944981940402622,
        0.0181374657888988,
        0.010970386294942585,
        0.05169013752260134,
        0.006483585957945722,
        0.175062490072213,
        0.10279638108486443,
        0.022853858687188876,
        0.08646346799780079,
        0.007098168017625795,
        0.2597367004134697,
        0.026943518742988764,
        0.15509097800103996
      ]
    },
    {
      "sample": 192,
      "trust": [
        0.012368957593784162,
        0.060460572958892886,
        0.007981322795178153,
        0.008531369565598251,
        0.018232878828416853,
        0.01088964677878768,
        0.07006587490949609,
        0.0439494810361375,
        0.2403453479080547,
        0.006718945322002314,
        0.02248970917384966,
        0.10990656349718629,
        0.1532643015821175,
        0.007909167549462992,
        0.02824096750144561,
        0.19864489299958932
      ]
    },
    {
      "sample": 224,
      "trust": [
        0.01709076873889373,
        0.04591458700363448,
        0.009099563166778554,
        0.01040780133511944,
        0.027158522789210677,
        0.014222039336287086,
        0.0599212165430863,
        0.029416249489507308,
        0.20445591961662427,
        0.10372315747431428,
        0.006381035457671226,
        0.08244815530560794,
        0.007697342642020055,
        0.247521289127904,
        0.00642951087463178,
        0.1281128410987088
      ]
    },
    {
      "sample": 250,
      "trust": [
        0.01568652808467431,
        0.09070876570083147,
        0.008528630622736144,
        0.00978922919799489,
        0.02458261545104017,
        0.012705544327276335,
        0.0984406388774589,
        0.049517216632483846,
        0.2514689916762166,
        0.18494583084371718,
        0.027632956542332235,
        0.006835413910788501,
        0.16118452690237461,
        0.00877944462811472,
        0.04195860519587692,
        0.007235061406083272
      ]
    }
  ],
  "run_seconds": 16.78887570789084
}