{
  "policy": "random",
  "scenario": "hard",
  "n_samples": 250,
  "accuracy": 45.2,
  "accuracy_on_completed": 51.8348623853211,
  "reliability": 87.2,
  "dropped_responses": 12.8,
  "avg_latency_ms": 56.37755133397877,
  "trust_override_count": 0,
  "exit_distribution": [
    0.364,
    0.3,
    0.064,
    0.144
  ],
  "trust_vector": [
    0.013467214405930754,
    0.03937879692330755,
    0.027178801447417526,
    0.018651295935254684,
    0.0077809206256030826,
    0.0752068231903304,
    0.1323950104649521,
    0.022561274155919443,
    0.00834292581527383,
    0.13859634386805925,
    0.01209498458681182,
    0.07768140622026239,
    0.006250087371385659,
    0.16831292446307655,
    0.006321677569147974,
    0.2457795129572669
  ],
  "peer_summary": {
    "peer_0": {
      "trust": 0.0135,
      "accuracy": 0.2015,
      "latency_ok": 0.4959,
      "calibration": 0.6779
    },
    "peer_1": {
      "trust": 0.0394,
      "accuracy": 0.241,
      "latency_ok": 0.5383,
      "calibration": 0.6171
    },
    "peer_2": {
      "trust": 0.0272,
      "accuracy": 0.2551,
      "latency_ok": 0.3368,
      "calibration": 0.6263
    },
    "peer_3": {
      "trust": 0.0187,
      "accuracy": 0.2559,
      "latency_ok": 0.6952,
      "calibration": 0.6265
    },
    "peer_4": {
      "trust": 0.0078,
      "accuracy": 0.4616,
      "latency_ok": 0.4098,
      "calibration": 0.5288
    },
    "peer_5": {
      "trust": 0.0752,
      "accuracy": 0.5871,
      "latency_ok": 0.6187,
      "calibration": 0.6682
    },
    "peer_6": {
      "trust": 0.1324,
      "accuracy": 0.4625,
      "latency_ok": 0.5774,
      "calibration": 0.5823
    },
    "peer_7": {
      "trust": 0.0226,
      "accuracy": 0.3568,
      "latency_ok": 0.2409,
      "calibration": 0.7423
    },
    "peer_8": {
      "trust": 0.0083,
      "accuracy": 0.3684,
      "latency_ok": 0.0824,
      "calibration": 0.5
    },
    "peer_9": {
      "trust": 0.1386,
      "accuracy": 0.4503,
      "latency_ok": 0.1176,
      "calibration": 0.5
    },
    "peer_10": {
      "trust": 0.0121,
      "accuracy": 0.703,
      "latency_ok": 0.1176,
      "calibration": 0.5
    },
    "peer_11": {
      "trust": 0.0777,
      "accuracy": 0.4257,
      "latency_ok": 0.1681,
      "calibration": 0.5911
    },
    "peer_12": {
      "trust": 0.0063,
      "accuracy": 0.6275,
      "latency_ok": 0.49,
      "calibration": 0.5
    },
    "peer_13": {
      "trust": 0.1683,
      "accuracy": 0.3407,
      "latency_ok": 0.2401,
      "calibration": 0.5
    },
    "peer_14": {
      "trust": 0.0063,
      "accuracy": 0.7795,
      "latency_ok": 0.343,
      "calibration": 0.5
    },
    "peer_15": {
      "trust": 0.2458,
      "accuracy": 0.6209,
      "latency_ok": 0.1681,
      "calibration": 0.5
    }
  },
  "trust_trace": [
    {
      "sample": 32,
      "trust": [
        0.010365320752581305,
        0.03297544883875816,
        0.02242250807061071,
        0.01219774413687731,
        0.1567919141552914,
        0.05578816189469157,
        0.12706851908906205,
        0.01641927491417411,
        0.25119455236431204,
        0.20231910240580184,
        0.006650457520648155,
        0.07920516577459864,
        0.006650457520648155,
        0.006650457520648155,
        0.006650457520648155,
        0.006650457520648155
      ]
    },
    {
      "sample": 64,
      "trust": [
        0.0073713681785992045,
        0.012501094619601612,
        0.010258500061434639,
        0.007773383841515772,
        0.053028991398112124,
        0.01907067428004626,
        0.039532617985118465,
        0.008800133229116415,
        0.13592500011333025,
        0.0588571885012627,
        0.2824127660391553,
        0.024869763691026996,
        0.006250687437465634,
        0.1162257843005243,
        0.006250687437465634,
        0.2108713588862247
      ]
    },
    {
      "sample": 96,
      "trust": [
        0.008620638745142253,
        0.015799417145836697,
        0.012425499375876592,
        0.009064698468899544,
        0.04876013974880689,
        0.02722731576611583,
        0.037267190486723695,
        0.010688419754221332,
        0.14286543573289057,
        0.056457673148292836,
        0.22440187665887967,
        0.006327945221414163,
        0.11290253798188224,
        0.006768729819750004,
        0.2729894839555699,
        0.007432997989697783
      ]
    },
    {
      "sample": 128,
      "trust": [
        0.008996302233941607,
        0.016195563950154805,
        0.012767811802895783,
        0.009109238211268368,
        0.0690735324666679,
        0.030020826908385402,
        0.057352094482459016,
        0.01069204145490023,
        0.1399297554725328,
        0.0064978137777709855,
        0.2644245976500169,
        0.03187774764668687,
        0.006828991249352338,
        0.11112399417546595,
        0.008302351968849354,
        0.21680733654865164
      ]
    },
    {
      "sample": 160,
      "trust": [
        0.008408834440348118,
        0.013314716352396104,
        0.01028424893046361,
        0.008855796580727096,
        0.039252324034440234,
        0.02423139695082122,
        0.03186620637690336,
        0.009590706734719337,
        0.13505793885702908,
        0.03828391729865514,
        0.20570758637157097,
        0.006343556802482587,
        0.11745587408322566,
        0.07015523387149297,
        0.27387649656218715,
        0.007315165752537246
      ]
    },
    {
      "sample": 192,
      "trust": [
        0.008773303006765293,
        0.015897201013237296,
        0.01210563282854002,
        0.009771534264923672,
        0.07862429330357618,
        0.028955018622136352,
        0.055167333438286205,
        0.011416999976707809,
        0.09121323097052311,
        0.0064192700433922684,
        0.21032363055023612,
        0.0304641012889112,
        0.006924835614825095,
        0.0066037567139003136,
        0.27493009176609995,
        0.1524097665979391
      ]
    },
    {
      "sample": 224,
      "trust": [
        0.011138151099584862,
        0.026456266328663162,
        0.018350967712077212,
        0.014824306014844196,
        0.09492206870349508,
        0.05395356843415777,
        0.07423828787590654,
        0.01906446623089024,
        0.1218294466789941,
        0.10028803208922454,
        0.25203256699729787,
        0.006518446149193466,
        0.006256730695796181,
        0.006253526857508356,
        0.01052258192974328,
        0.18335058620262298
      ]
    },
    {
      "sample": 250,
      "trust": [
        0.013467214405930754,
        0.03937879692330755,
        0.027178801447417526,
        0.018651295935254684,
        0.0077809206256030826,
        0.0752068231903304,
        0.1323950104649521,
        0.022561274155919443,
        0.00834292581527383,
        0.13859634386805925,
        0.01209498458681182,
        0.07768140622026239,
        0.006250087371385659,
        0.16831292446307655,
        0.006321677569147974,
        0.2457795129572669
      ]
    }
  ],
  "run_seconds": 14.192176749929786
}