scenario,policy,accuracy,accuracy_on_completed,reliability,dropped_responses,avg_latency_ms
easy,random,68.75,68.75,100.0,0.0,18.939962932462564
easy,trust,68.75,68.75,100.0,0.0,18.768740442510893
hard,random,21.875,23.61883574341861,12.5,7.291666666666667,14.943008063725733
hard,trust,41.666666666666664,41.666666666666664,13.541666666666666,0.0,23.809253022643745
medium,random,35.416666666666664,39.04022301871765,29.166666666666668,8.333333333333334,14.79631644031759
medium,trust,66.66666666666667,66.66666666666667,66.66666666666667,0.0,19.241575801879225
