{
  "policy": "trust",
  "scenario": "hard",
  "n_samples": 250,
  "accuracy": 70.0,
  "accuracy_on_completed": 70.8502024291498,
  "reliability": 98.8,
  "dropped_responses": 1.2,
  "avg_latency_ms": 46.330202020704746,
  "trust_override_count": 156,
  "exit_distribution": [
    0.004,
    0.636,
    0.34,
    0.008
  ],
  "trust_vector": [
    0.21907015140832212,
    0.006673713412122536,
    0.006673713412122536,
    0.006673713412122536,
    0.3032113896032008,
    0.006673713412122536,
    0.006673713412122536,
    0.006673713412122536,
    0.28947949210548723,
    0.006673713412122536,
    0.006673713412122536,
    0.006673713412122536,
    0.10815440593751935,
    0.006673713412122536,
    0.006673713412122536,
    0.006673713412122536
  ],
  "peer_summary": {
    "peer_0": {
      "trust": 0.2191,
      "accuracy": 0.2396,
      "latency_ok": 0.6148,
      "calibration": 0.7385
    },
    "peer_1": {
      "trust": 0.0067,
      "accuracy": 0.5,
      "latency_ok": 1.0,
      "calibration": 0.5
    },
    "peer_2": {
      "trust": 0.0067,
      "accuracy": 0.5,
      "latency_ok": 1.0,
      "calibration": 0.5
    },
    "peer_3": {
      "trust": 0.0067,
      "accuracy": 0.5,
      "latency_ok": 1.0,
      "calibration": 0.5
    },
    "peer_4": {
      "trust": 0.3032,
      "accuracy": 0.6013,
      "latency_ok": 0.6756,
      "calibration": 0.732
    },
    "peer_5": {
      "trust": 0.0067,
      "accuracy": 0.5,
      "latency_ok": 1.0,
      "calibration": 0.5
    },
    "peer_6": {
      "trust": 0.0067,
      "accuracy": 0.5,
      "latency_ok": 1.0,
      "calibration": 0.5
    },
    "peer_7": {
      "trust": 0.0067,
      "accuracy": 0.5,
      "latency_ok": 1.0,
      "calibration": 0.5
    },
    "peer_8": {
      "trust": 0.2895,
      "accuracy": 0.6141,
      "latency_ok": 0.0576,
      "calibration": 0.7762
    },
    "peer_9": {
      "trust": 0.0067,
      "accuracy": 0.5,
      "latency_ok": 1.0,
      "calibration": 0.5
    },
    "peer_10": {
      "trust": 0.0067,
      "accuracy": 0.5,
      "latency_ok": 1.0,
      "calibration": 0.5
    },
    "peer_11": {
      "trust": 0.0067,
      "accuracy": 0.5,
      "latency_ok": 1.0,
      "calibration": 0.5
    },
    "peer_12": {
      "trust": 0.1082,
      "accuracy": 0.5,
      "latency_ok": 0.7,
      "calibration": 0.5
    },
    "peer_13": {
      "trust": 0.0067,
      "accuracy": 0.5,
      "latency_ok": 1.0,
      "calibration": 0.5
    },
    "peer_14": {
      "trust": 0.0067,
      "accuracy": 0.5,
      "latency_ok": 1.0,
      "calibration": 0.5
    },
    "peer_15": {
      "trust": 0.0067,
      "accuracy": 0.5,
      "latency_ok": 1.0,
      "calibration": 0.5
    }
  },
  "trust_trace": [
    {
      "sample": 32,
      "trust": [
        0.165276420385655,
        0.024741756735370924,
        0.024741756735370924,
        0.024741756735370924,
        0.23957092588655832,
        0.024741756735370924,
        0.024741756735370924,
        0.024741756735370924,
        0.2735098161679646,
        0.024741756735370924,
        0.024741756735370924,
        0.024741756735370924,
        0.024741756735370924,
        0.024741756735370924,
        0.024741756735370924,
        0.024741756735370924
      ]
    },
    {
      "sample": 64,
      "trust": [
        0.20984612741775818,
        0.015755750638362064,
        0.01575575063836206,
        0.015755750638362064,
        0.2881625643546288,
        0.015755750638362064,
        0.01575575063836206,
        0.015755750638362064,
        0.2971665499289064,
        0.015755750638362064,
        0.015755750638362064,
        0.015755750638362064,
        0.015755750638362064,
        0.015755750638362064,
        0.015755750638362064,
        0.015755750638362064
      ]
    },
    {
      "sample": 96,
      "trust": [
        0.2316159932376275,
        0.012028970168791873,
        0.012028970168791875,
        0.012028970168791873,
        0.3113435054889716,
        0.012028970168791873,
        0.012028970168791873,
        0.012028970168791873,
        0.3006638890791066,
        0.012028970168791873,
        0.012028970168791873,
        0.012028970168791873,
        0.012028970168791873,
        0.012028970168791873,
        0.012028970168791873,
        0.012028970168791873
      ]
    },
    {
      "sample": 128,
      "trust": [
        0.24467651278390076,
        0.010157936115671822,
        0.01015793611567182,
        0.010157936115671822,
        0.31971379439222475,
        0.010157936115671822,
        0.01015793611567182,
        0.010157936115671822,
        0.30355652332014077,
        0.010157936115671822,
        0.01015793611567182,
        0.010157936115671822,
        0.01015793611567182,
        0.010157936115671822,
        0.01015793611567182,
        0.010157936115671822
      ]
    },
    {
      "sample": 160,
      "trust": [
        0.25330893213166933,
        0.009050198114908967,
        0.009050198114908967,
        0.009050198114908967,
        0.3269086522836477,
        0.009050198114908967,
        0.009050198114908967,
        0.009050198114908967,
        0.3021298400908665,
        0.009050198114908967,
        0.009050198114908967,
        0.009050198114908967,
        0.009050198114908967,
        0.009050198114908967,
        0.009050198114908967,
        0.009050198114908967
      ]
    },
    {
      "sample": 192,
      "trust": [
        0.169411685276994,
        0.00718538519037712,
        0.00718538519037712,
        0.00718538519037712,
        0.24309913337705594,
        0.00718538519037712,
        0.00718538519037712,
        0.00718538519037712,
        0.2330678834085719,
        0.00718538519037712,
        0.00718538519037712,
        0.00718538519037712,
        0.2681966756528526,
        0.00718538519037712,
        0.00718538519037712,
        0.00718538519037712
      ]
    },
    {
      "sample": 224,
      "trust": [
        0.19899028622038095,
        0.00686650000197205,
        0.0068665000019720495,
        0.00686650000197205,
        0.28489110085255764,
        0.00686650000197205,
        0.00686650000197205,
        0.00686650000197205,
        0.27054940488518503,
        0.00686650000197205,
        0.00686650000197205,
        0.00686650000197205,
        0.16317120801821172,
        0.00686650000197205,
        0.00686650000197205,
        0.00686650000197205
      ]
    },
    {
      "sample": 250,
      "trust": [
        0.21907015140832212,
        0.006673713412122536,
        0.006673713412122536,
        0.006673713412122536,
        0.3032113896032008,
        0.006673713412122536,
        0.006673713412122536,
        0.006673713412122536,
        0.28947949210548723,
        0.006673713412122536,
        0.006673713412122536,
        0.006673713412122536,
        0.10815440593751935,
        0.006673713412122536,
        0.006673713412122536,
        0.006673713412122536
      ]
    }
  ],
  "run_seconds": 11.6616992498748
}