{
  "policy": "trust",
  "scenario": "hard",
  "n_samples": 250,
  "accuracy": 62.0,
  "accuracy_on_completed": 67.0995670995671,
  "reliability": 92.4,
  "dropped_responses": 7.6,
  "avg_latency_ms": 60.30821550451219,
  "trust_override_count": 175,
  "exit_distribution": [
    0.004,
    0.628,
    0.28,
    0.012
  ],
  "trust_vector": [
    0.24827399684814344,
    0.007320760410682093,
    0.007320760410682093,
    0.007320760410682093,
    0.3375877988393879,
    0.007320760410682093,
    0.007320760410682093,
    0.007320760410682093,
    0.2739132445906739,
    0.007320760410682093,
    0.007320760410682093,
    0.007320760410682093,
    0.052375834793609875,
    0.007320760410682093,
    0.007320760410682093,
    0.007320760410682093
  ],
  "peer_summary": {
    "peer_0": {
      "trust": 0.2483,
      "accuracy": 0.2105,
      "latency_ok": 0.4775,
      "calibration": 0.7356
    },
    "peer_1": {
      "trust": 0.0073,
      "accuracy": 0.5,
      "latency_ok": 1.0,
      "calibration": 0.5
    },
    "peer_2": {
      "trust": 0.0073,
      "accuracy": 0.5,
      "latency_ok": 1.0,
      "calibration": 0.5
    },
    "peer_3": {
      "trust": 0.0073,
      "accuracy": 0.5,
      "latency_ok": 1.0,
      "calibration": 0.5
    },
    "peer_4": {
      "trust": 0.3376,
      "accuracy": 0.599,
      "latency_ok": 0.6232,
      "calibration": 0.7293
    },
    "peer_5": {
      "trust": 0.0073,
      "accuracy": 0.5,
      "latency_ok": 1.0,
      "calibration": 0.5
    },
    "peer_6": {
      "trust": 0.0073,
      "accuracy": 0.5,
      "latency_ok": 1.0,
      "calibration": 0.5
    },
    "peer_7": {
      "trust": 0.0073,
      "accuracy": 0.5,
      "latency_ok": 1.0,
      "calibration": 0.5
    },
    "peer_8": {
      "trust": 0.2739,
      "accuracy": 0.4373,
      "latency_ok": 0.0576,
      "calibration": 0.76
    },
    "peer_9": {
      "trust": 0.0073,
      "accuracy": 0.5,
      "latency_ok": 1.0,
      "calibration": 0.5
    },
    "peer_10": {
      "trust": 0.0073,
      "accuracy": 0.5,
      "latency_ok": 1.0,
      "calibration": 0.5
    },
    "peer_11": {
      "trust": 0.0073,
      "accuracy": 0.5,
      "latency_ok": 1.0,
      "calibration": 0.5
    },
    "peer_12": {
      "trust": 0.0524,
      "accuracy": 0.5,
      "latency_ok": 0.7,
      "calibration": 0.5
    },
    "peer_13": {
      "trust": 0.0073,
      "accuracy": 0.5,
      "latency_ok": 1.0,
      "calibration": 0.5
    },
    "peer_14": {
      "trust": 0.0073,
      "accuracy": 0.5,
      "latency_ok": 1.0,
      "calibration": 0.5
    },
    "peer_15": {
      "trust": 0.0073,
      "accuracy": 0.5,
      "latency_ok": 1.0,
      "calibration": 0.5
    }
  },
  "trust_trace": [
    {
      "sample": 32,
      "trust": [
        0.16163589429330333,
        0.025595191632693918,
        0.025595191632693918,
        0.025595191632693918,
        0.23881761385752368,
        0.025595191632693918,
        0.025595191632693918,
        0.025595191632693918,
        0.26680900062415197,
        0.025595191632693918,
        0.025595191632693918,
        0.025595191632693918,
        0.025595191632693918,
        0.025595191632693918,
        0.025595191632693918,
        0.025595191632693918
      ]
    },
    {
      "sample": 64,
      "trust": [
        0.1426994559305492,
        0.012290793828324759,
        0.012290793828324759,
        0.012290793828324759,
        0.22059435982142442,
        0.012290793828324759,
        0.012290793828324759,
        0.012290793828324759,
        0.21986016582738294,
        0.012290793828324759,
        0.012290793828324759,
        0.012290793828324759,
        0.26935649248074633,
        0.012290793828324759,
        0.012290793828324759,
        0.012290793828324759
      ]
    },
    {
      "sample": 96,
      "trust": [
        0.18581639718071116,
        0.009673471540097157,
        0.009673471540097157,
        0.009673471540097157,
        0.28184029162761154,
        0.009673471540097157,
        0.009673471540097157,
        0.009673471540097157,
        0.2559406076283761,
        0.009673471540097157,
        0.009673471540097157,
        0.009673471540097157,
        0.16032104508213524,
        0.009673471540097157,
        0.009673471540097157,
        0.009673471540097157
      ]
    },
    {
      "sample": 128,
      "trust": [
        0.21277765284379171,
        0.008570877819574536,
        0.008570877819574536,
        0.008570877819574536,
        0.3084387079172996,
        0.008570877819574536,
        0.008570877819574536,
        0.008570877819574536,
        0.2648323757723493,
        0.008570877819574536,
        0.008570877819574536,
        0.008570877819574536,
        0.11110072963166479,
        0.008570877819574536,
        0.008570877819574536,
        0.008570877819574536
      ]
    },
    {
      "sample": 160,
      "trust": [
        0.23054282735976508,
        0.007981572564190615,
        0.007981572564190615,
        0.007981572564190615,
        0.3219048532460389,
        0.007981572564190615,
        0.007981572564190615,
        0.007981572564190615,
        0.2679388508086813,
        0.007981572564190615,
        0.007981572564190615,
        0.007981572564190615,
        0.08383459781522745,
        0.007981572564190615,
        0.007981572564190615,
        0.007981572564190615
      ]
    },
    {
      "sample": 192,
      "trust": [
        0.24079117707163586,
        0.007657236603855262,
        0.007657236603855262,
        0.007657236603855262,
        0.33171137977820203,
        0.007657236603855262,
        0.007657236603855262,
        0.007657236603855262,
        0.2671975219871851,
        0.007657236603855262,
        0.007657236603855262,
        0.007657236603855262,
        0.06841308191671401,
        0.007657236603855262,
        0.007657236603855262,
        0.007657236603855262
      ]
    },
    {
      "sample": 224,
      "trust": [
        0.24802521373370912,
        0.007476884954219391,
        0.007476884954219391,
        0.007476884954219391,
        0.3375177008264626,
        0.007476884954219391,
        0.007476884954219391,
        0.007476884954219391,
        0.2650584925020526,
        0.007476884954219391,
        0.007476884954219391,
        0.007476884954219391,
        0.0596759734871429,
        0.007476884954219391,
        0.007476884954219391,
        0.007476884954219391
      ]
    },
    {
      "sample": 250,
      "trust": [
        0.24827399684814344,
        0.007320760410682093,
        0.007320760410682093,
        0.007320760410682093,
        0.3375877988393879,
        0.007320760410682093,
        0.007320760410682093,
        0.007320760410682093,
        0.2739132445906739,
        0.007320760410682093,
        0.007320760410682093,
        0.007320760410682093,
        0.052375834793609875,
        0.007320760410682093,
        0.007320760410682093,
        0.007320760410682093
      ]
    }
  ],
  "run_seconds": 15.165695208124816
}