{
  "policy": "trust",
  "scenario": "hard",
  "n_samples": 250,
  "accuracy": 41.2,
  "accuracy_on_completed": 54.787234042553195,
  "reliability": 75.2,
  "dropped_responses": 24.8,
  "avg_latency_ms": 49.234407341107726,
  "trust_override_count": 133,
  "exit_distribution": [
    0.004,
    0.52,
    0.22,
    0.008
  ],
  "trust_vector": [
    0.2715888744075939,
    0.007415820055904073,
    0.007415820055904073,
    0.007415820055904073,
    0.283062922706993,
    0.007415820055904073,
    0.007415820055904073,
    0.007415820055904073,
    0.2976506179930786,
    0.007415820055904073,
    0.007415820055904073,
    0.007415820055904073,
    0.058707744221485586,
    0.007415820055904073,
    0.007415820055904073,
    0.007415820055904073
  ],
  "peer_summary": {
    "peer_0": {
      "trust": 0.2716,
      "accuracy": 0.2396,
      "latency_ok": 0.5873,
      "calibration": 0.7385
    },
    "peer_1": {
      "trust": 0.0074,
      "accuracy": 0.5,
      "latency_ok": 1.0,
      "calibration": 0.5
    },
    "peer_2": {
      "trust": 0.0074,
      "accuracy": 0.5,
      "latency_ok": 1.0,
      "calibration": 0.5
    },
    "peer_3": {
      "trust": 0.0074,
      "accuracy": 0.5,
      "latency_ok": 1.0,
      "calibration": 0.5
    },
    "peer_4": {
      "trust": 0.2831,
      "accuracy": 0.3963,
      "latency_ok": 0.3064,
      "calibration": 0.7166
    },
    "peer_5": {
      "trust": 0.0074,
      "accuracy": 0.5,
      "latency_ok": 1.0,
      "calibration": 0.5
    },
    "peer_6": {
      "trust": 0.0074,
      "accuracy": 0.5,
      "latency_ok": 1.0,
      "calibration": 0.5
    },
    "peer_7": {
      "trust": 0.0074,
      "accuracy": 0.5,
      "latency_ok": 1.0,
      "calibration": 0.5
    },
    "peer_8": {
      "trust": 0.2977,
      "accuracy": 0.5266,
      "latency_ok": 0.0576,
      "calibration": 0.8082
    },
    "peer_9": {
      "trust": 0.0074,
      "accuracy": 0.5,
      "latency_ok": 1.0,
      "calibration": 0.5
    },
    "peer_10": {
      "trust": 0.0074,
      "accuracy": 0.5,
      "latency_ok": 1.0,
      "calibration": 0.5
    },
    "peer_11": {
      "trust": 0.0074,
      "accuracy": 0.5,
      "latency_ok": 1.0,
      "calibration": 0.5
    },
    "peer_12": {
      "trust": 0.0587,
      "accuracy": 0.5,
      "latency_ok": 0.7,
      "calibration": 0.5
    },
    "peer_13": {
      "trust": 0.0074,
      "accuracy": 0.5,
      "latency_ok": 1.0,
      "calibration": 0.5
    },
    "peer_14": {
      "trust": 0.0074,
      "accuracy": 0.5,
      "latency_ok": 1.0,
      "calibration": 0.5
    },
    "peer_15": {
      "trust": 0.0074,
      "accuracy": 0.5,
      "latency_ok": 1.0,
      "calibration": 0.5
    }
  },
  "trust_trace": [
    {
      "sample": 32,
      "trust": [
        0.169776217582679,
        0.026042237700320946,
        0.026042237700320946,
        0.026042237700320946,
        0.2228642047466474,
        0.026042237700320946,
        0.026042237700320946,
        0.026042237700320946,
        0.2688104875665012,
        0.026042237700320946,
        0.026042237700320946,
        0.026042237700320946,
        0.026042237700320946,
        0.026042237700320946,
        0.026042237700320946,
        0.026042237700320946
      ]
    },
    {
      "sample": 64,
      "trust": [
        0.15155715847339518,
        0.012597223329137298,
        0.012597223329137298,
        0.012597223329137298,
        0.19584301247789845,
        0.012597223329137298,
        0.012597223329137298,
        0.012597223329137298,
        0.23201889273404308,
        0.012597223329137298,
        0.012597223329137298,
        0.012597223329137298,
        0.2694142563650156,
        0.012597223329137298,
        0.012597223329137298,
        0.012597223329137298
      ]
    },
    {
      "sample": 96,
      "trust": [
        0.19426310221980556,
        0.009871019239061331,
        0.009871019239061331,
        0.009871019239061331,
        0.2494701509158199,
        0.009871019239061331,
        0.009871019239061331,
        0.009871019239061331,
        0.2740304329421729,
        0.009871019239061331,
        0.009871019239061331,
        0.009871019239061331,
        0.1637840830534657,
        0.009871019239061331,
        0.009871019239061331,
        0.009871019239061331
      ]
    },
    {
      "sample": 128,
      "trust": [
        0.22872932910324673,
        0.008734552072066078,
        0.008734552072066078,
        0.008734552072066078,
        0.27029782394224255,
        0.008734552072066078,
        0.008734552072066078,
        0.008734552072066078,
        0.27951483968478696,
        0.008734552072066078,
        0.008734552072066078,
        0.008734552072066078,
        0.11664338240493091,
        0.008734552072066078,
        0.008734552072066078,
        0.008734552072066078
      ]
    },
    {
      "sample": 160,
      "trust": [
        0.248109023169832,
        0.008150096816767344,
        0.008150096816767344,
        0.008150096816767344,
        0.2775112956864826,
        0.008150096816767344,
        0.008150096816767344,
        0.008150096816767344,
        0.28520664422473996,
        0.008150096816767344,
        0.008150096816767344,
        0.008150096816767344,
        0.09137187511773738,
        0.008150096816767344,
        0.008150096816767344,
        0.008150096816767344
      ]
    },
    {
      "sample": 192,
      "trust": [
        0.26016203727394677,
        0.007822833000610251,
        0.007822833000610251,
        0.007822833000610251,
        0.2824430248454056,
        0.007822833000610251,
        0.007822833000610251,
        0.007822833000610251,
        0.2866168944995366,
        0.007822833000610251,
        0.007822833000610251,
        0.007822833000610251,
        0.07690404737378809,
        0.007822833000610251,
        0.007822833000610251,
        0.007822833000610251
      ]
    },
    {
      "sample": 224,
      "trust": [
        0.26781775721090906,
        0.007614006485512512,
        0.007614006485512512,
        0.007614006485512512,
        0.2836751667849244,
        0.007614006485512512,
        0.007614006485512512,
        0.007614006485512512,
        0.28955499005778407,
        0.007614006485512512,
        0.007614006485512512,
        0.007614006485512512,
        0.0675840081202322,
        0.007614006485512512,
        0.007614006485512512,
        0.007614006485512512
      ]
    },
    {
      "sample": 250,
      "trust": [
        0.2715888744075939,
        0.007415820055904073,
        0.007415820055904073,
        0.007415820055904073,
        0.283062922706993,
        0.007415820055904073,
        0.007415820055904073,
        0.007415820055904073,
        0.2976506179930786,
        0.007415820055904073,
        0.007415820055904073,
        0.007415820055904073,
        0.058707744221485586,
        0.007415820055904073,
        0.007415820055904073,
        0.007415820055904073
      ]
    }
  ],
  "run_seconds": 12.39191154204309
}