{
  "policy": "trust",
  "scenario": "hard",
  "n_samples": 250,
  "accuracy": 55.6,
  "accuracy_on_completed": 59.91379310344828,
  "reliability": 92.8,
  "dropped_responses": 7.2,
  "avg_latency_ms": 47.10325082577765,
  "trust_override_count": 0,
  "exit_distribution": [
    0.3,
    0.312,
    0.068,
    0.248
  ],
  "trust_vector": [
    0.18132430987058867,
    0.0062655148890392144,
    0.0062655148890392144,
    0.0062655148890392144,
    0.25708377839174085,
    0.0062655148890392144,
    0.0062655148890392144,
    0.0062655148890392144,
    0.2330447204175557,
    0.0062655148890392144,
    0.0062655148890392144,
    0.0062655148890392144,
    0.25336101265164424,
    0.0062655148890392144,
    0.0062655148890392144,
    0.0062655148890392144
  ],
  "peer_summary": {
    "peer_0": {
      "trust": 0.1813,
      "accuracy": 0.2396,
      "latency_ok": 0.9439,
      "calibration": 0.7385
    },
    "peer_1": {
      "trust": 0.0063,
      "accuracy": 0.5,
      "latency_ok": 1.0,
      "calibration": 0.5
    },
    "peer_2": {
      "trust": 0.0063,
      "accuracy": 0.5,
      "latency_ok": 1.0,
      "calibration": 0.5
    },
    "peer_3": {
      "trust": 0.0063,
      "accuracy": 0.5,
      "latency_ok": 1.0,
      "calibration": 0.5
    },
    "peer_4": {
      "trust": 0.2571,
      "accuracy": 0.5548,
      "latency_ok": 0.98,
      "calibration": 0.7524
    },
    "peer_5": {
      "trust": 0.0063,
      "accuracy": 0.5,
      "latency_ok": 1.0,
      "calibration": 0.5
    },
    "peer_6": {
      "trust": 0.0063,
      "accuracy": 0.5,
      "latency_ok": 1.0,
      "calibration": 0.5
    },
    "peer_7": {
      "trust": 0.0063,
      "accuracy": 0.5,
      "latency_ok": 1.0,
      "calibration": 0.5
    },
    "peer_8": {
      "trust": 0.233,
      "accuracy": 0.5091,
      "latency_ok": 0.0576,
      "calibration": 0.8171
    },
    "peer_9": {
      "trust": 0.0063,
      "accuracy": 0.5,
      "latency_ok": 1.0,
      "calibration": 0.5
    },
    "peer_10": {
      "trust": 0.0063,
      "accuracy": 0.5,
      "latency_ok": 1.0,
      "calibration": 0.5
    },
    "peer_11": {
      "trust": 0.0063,
      "accuracy": 0.5,
      "latency_ok": 1.0,
      "calibration": 0.5
    },
    "peer_12": {
      "trust": 0.2534,
      "accuracy": 0.5846,
      "latency_ok": 0.0576,
      "calibration": 0.5
    },
    "peer_13": {
      "trust": 0.0063,
      "accuracy": 0.5,
      "latency_ok": 1.0,
      "calibration": 0.5
    },
    "peer_14": {
      "trust": 0.0063,
      "accuracy": 0.5,
      "latency_ok": 1.0,
      "calibration": 0.5
    },
    "peer_15": {
      "trust": 0.0063,
      "accuracy": 0.5,
      "latency_ok": 1.0,
      "calibration": 0.5
    }
  },
  "trust_trace": [
    {
      "sample": 32,
      "trust": [
        0.11781664488300318,
        0.01799767602513129,
        0.01799767602513129,
        0.01799767602513129,
        0.1814784610355125,
        0.01799767602513129,
        0.01799767602513129,
        0.01799767602513129,
        0.2160834691123048,
        0.01799767602513129,
        0.01799767602513129,
        0.01799767602513129,
        0.2686493126676041,
        0.01799767602513129,
        0.01799767602513129,
        0.01799767602513129
      ]
    },
    {
      "sample": 64,
      "trust": [
        0.15019164234535617,
        0.009829601804737157,
        0.009829601804737157,
        0.009829601804737157,
        0.22171710470288497,
        0.009829601804737157,
        0.009829601804737157,
        0.009829601804737157,
        0.23458440900625158,
        0.009829601804737157,
        0.009829601804737157,
        0.009829601804737157,
        0.27555162228866137,
        0.009829601804737157,
        0.009829601804737157,
        0.009829601804737157
      ]
    },
    {
      "sample": 96,
      "trust": [
        0.16604106522524906,
        0.007537408941004372,
        0.007537408941004372,
        0.007537408941004372,
        0.24027279773327484,
        0.007537408941004372,
        0.007537408941004372,
        0.007537408941004372,
        0.23965575421583582,
        0.007537408941004372,
        0.007537408941004372,
        0.007537408941004372,
        0.2635814755335878,
        0.007537408941004372,
        0.007537408941004372,
        0.007537408941004372
      ]
    },
    {
      "sample": 128,
      "trust": [
        0.173042284925651,
        0.006747083722201306,
        0.006747083722201306,
        0.006747083722201306,
        0.2512847978436349,
        0.006747083722201306,
        0.006747083722201306,
        0.006747083722201306,
        0.23418845659111678,
        0.006747083722201306,
        0.006747083722201306,
        0.006747083722201306,
        0.2605194559731818,
        0.006747083722201306,
        0.006747083722201306,
        0.006747083722201306
      ]
    },
    {
      "sample": 160,
      "trust": [
        0.17557239395490826,
        0.0064441697440292805,
        0.0064441697440292805,
        0.0064441697440292805,
        0.25313554255429643,
        0.0064441697440292805,
        0.0064441697440292805,
        0.0064441697440292805,
        0.23052968717123629,
        0.0064441697440292805,
        0.0064441697440292805,
        0.0064441697440292805,
        0.2634323393912078,
        0.0064441697440292805,
        0.0064441697440292805,
        0.0064441697440292805
      ]
    },
    {
      "sample": 192,
      "trust": [
        0.18052772333310854,
        0.006330987475765005,
        0.006330987475765005,
        0.006330987475765005,
        0.2585576062397893,
        0.006330987475765005,
        0.006330987475765005,
        0.006330987475765005,
        0.23375000809003288,
        0.006330987475765005,
        0.006330987475765005,
        0.006330987475765005,
        0.25119281262788923,
        0.006330987475765005,
        0.006330987475765005,
        0.006330987475765005
      ]
    },
    {
      "sample": 224,
      "trust": [
        0.1881332035367648,
        0.006286918427354412,
        0.006286918427354412,
        0.006286918427354412,
        0.26472603142648665,
        0.006286918427354412,
        0.006286918427354412,
        0.006286918427354412,
        0.23324071768810556,
        0.006286918427354412,
        0.006286918427354412,
        0.006286918427354412,
        0.23845702622039006,
        0.006286918427354412,
        0.006286918427354412,
        0.006286918427354412
      ]
    },
    {
      "sample": 250,
      "trust": [
        0.18132430987058867,
        0.0062655148890392144,
        0.0062655148890392144,
        0.0062655148890392144,
        0.25708377839174085,
        0.0062655148890392144,
        0.0062655148890392144,
        0.0062655148890392144,
        0.2330447204175557,
        0.0062655148890392144,
        0.0062655148890392144,
        0.0062655148890392144,
        0.25336101265164424,
        0.0062655148890392144,
        0.0062655148890392144,
        0.0062655148890392144
      ]
    }
  ],
  "run_seconds": 11.850591250229627
}