{
  "policy": "trust",
  "scenario": "hard",
  "n_samples": 250,
  "accuracy": 47.6,
  "accuracy_on_completed": 51.293103448275865,
  "reliability": 92.8,
  "dropped_responses": 7.2,
  "avg_latency_ms": 45.154942689463496,
  "trust_override_count": 0,
  "exit_distribution": [
    0.3,
    0.312,
    0.128,
    0.188
  ],
  "trust_vector": [
    0.20537441473627055,
    0.006305157271154292,
    0.006305157271154292,
    0.006305157271154292,
    0.27805197030355966,
    0.006305157271154292,
    0.006305157271154292,
    0.006305157271154292,
    0.24123648779858659,
    0.006305157271154292,
    0.006305157271154292,
    0.006305157271154292,
    0.19967523990773164,
    0.006305157271154292,
    0.006305157271154292,
    0.006305157271154292
  ],
  "peer_summary": {
    "peer_0": {
      "trust": 0.2054,
      "accuracy": 0.2396,
      "latency_ok": 0.8796,
      "calibration": 0.7385
    },
    "peer_1": {
      "trust": 0.0063,
      "accuracy": 0.5,
      "latency_ok": 1.0,
      "calibration": 0.5
    },
    "peer_2": {
      "trust": 0.0063,
      "accuracy": 0.5,
      "latency_ok": 1.0,
      "calibration": 0.5
    },
    "peer_3": {
      "trust": 0.0063,
      "accuracy": 0.5,
      "latency_ok": 1.0,
      "calibration": 0.5
    },
    "peer_4": {
      "trust": 0.2781,
      "accuracy": 0.5548,
      "latency_ok": 0.932,
      "calibration": 0.7524
    },
    "peer_5": {
      "trust": 0.0063,
      "accuracy": 0.5,
      "latency_ok": 1.0,
      "calibration": 0.5
    },
    "peer_6": {
      "trust": 0.0063,
      "accuracy": 0.5,
      "latency_ok": 1.0,
      "calibration": 0.5
    },
    "peer_7": {
      "trust": 0.0063,
      "accuracy": 0.5,
      "latency_ok": 1.0,
      "calibration": 0.5
    },
    "peer_8": {
      "trust": 0.2412,
      "accuracy": 0.4694,
      "latency_ok": 0.0576,
      "calibration": 0.8048
    },
    "peer_9": {
      "trust": 0.0063,
      "accuracy": 0.5,
      "latency_ok": 1.0,
      "calibration": 0.5
    },
    "peer_10": {
      "trust": 0.0063,
      "accuracy": 0.5,
      "latency_ok": 1.0,
      "calibration": 0.5
    },
    "peer_11": {
      "trust": 0.0063,
      "accuracy": 0.5,
      "latency_ok": 1.0,
      "calibration": 0.5
    },
    "peer_12": {
      "trust": 0.1997,
      "accuracy": 0.2927,
      "latency_ok": 0.0576,
      "calibration": 0.5
    },
    "peer_13": {
      "trust": 0.0063,
      "accuracy": 0.5,
      "latency_ok": 1.0,
      "calibration": 0.5
    },
    "peer_14": {
      "trust": 0.0063,
      "accuracy": 0.5,
      "latency_ok": 1.0,
      "calibration": 0.5
    },
    "peer_15": {
      "trust": 0.0063,
      "accuracy": 0.5,
      "latency_ok": 1.0,
      "calibration": 0.5
    }
  },
  "trust_trace": [
    {
      "sample": 32,
      "trust": [
        0.12017244256095129,
        0.01840426497863324,
        0.01840426497863324,
        0.01840426497863324,
        0.18493796897772846,
        0.01840426497863324,
        0.01840426497863324,
        0.01840426497863324,
        0.20890044663940013,
        0.01840426497863324,
        0.01840426497863324,
        0.01840426497863324,
        0.2651379620783213,
        0.01840426497863324,
        0.01840426497863324,
        0.01840426497863324
      ]
    },
    {
      "sample": 64,
      "trust": [
        0.15631184928444133,
        0.010171194913408014,
        0.010171194913408016,
        0.010171194913408014,
        0.22747986238049964,
        0.010171194913408014,
        0.010171194913408016,
        0.010171194913408014,
        0.22348397314545188,
        0.010171194913408014,
        0.010171194913408016,
        0.010171194913408014,
        0.27066997622871103,
        0.010171194913408014,
        0.010171194913408014,
        0.010171194913408014
      ]
    },
    {
      "sample": 96,
      "trust": [
        0.17941655983130655,
        0.007817719745833776,
        0.007817719745833776,
        0.007817719745833776,
        0.24967885601343676,
        0.007817719745833776,
        0.007817719745833776,
        0.007817719745833776,
        0.2182219118193533,
        0.007817719745833776,
        0.007817719745833776,
        0.007817719745833776,
        0.2588700353858979,
        0.007817719745833776,
        0.007817719745833776,
        0.007817719745833776
      ]
    },
    {
      "sample": 128,
      "trust": [
        0.1994803960037525,
        0.006996441088690317,
        0.006996441088690316,
        0.006996441088690317,
        0.2717498227277808,
        0.006996441088690317,
        0.006996441088690317,
        0.006996441088690317,
        0.21582725555907048,
        0.006996441088690317,
        0.006996441088690317,
        0.006996441088690317,
        0.22898523264511245,
        0.006996441088690317,
        0.006996441088690317,
        0.006996441088690317
      ]
    },
    {
      "sample": 160,
      "trust": [
        0.20054694892656216,
        0.006607202563537783,
        0.006607202563537783,
        0.006607202563537783,
        0.27228993842536314,
        0.006607202563537783,
        0.006607202563537783,
        0.006607202563537783,
        0.21943552386611084,
        0.006607202563537783,
        0.006607202563537783,
        0.006607202563537783,
        0.22844115801951026,
        0.006607202563537783,
        0.006607202563537783,
        0.006607202563537783
      ]
    },
    {
      "sample": 192,
      "trust": [
        0.20157596524139113,
        0.006431586445821949,
        0.006431586445821949,
        0.006431586445821949,
        0.275967221760342,
        0.006431586445821949,
        0.006431586445821949,
        0.006431586445821949,
        0.22362224161530206,
        0.006431586445821949,
        0.006431586445821949,
        0.006431586445821949,
        0.22165553403310143,
        0.006431586445821949,
        0.006431586445821949,
        0.006431586445821949
      ]
    },
    {
      "sample": 224,
      "trust": [
        0.2106808630252013,
        0.006352703262825104,
        0.006352703262825104,
        0.006352703262825104,
        0.28190139879870824,
        0.006352703262825104,
        0.006352703262825104,
        0.006352703262825104,
        0.22488964114043344,
        0.006352703262825104,
        0.006352703262825104,
        0.006352703262825104,
        0.20629565788175577,
        0.006352703262825104,
        0.006352703262825104,
        0.006352703262825104
      ]
    },
    {
      "sample": 250,
      "trust": [
        0.20537441473627055,
        0.006305157271154292,
        0.006305157271154292,
        0.006305157271154292,
        0.27805197030355966,
        0.006305157271154292,
        0.006305157271154292,
        0.006305157271154292,
        0.24123648779858659,
        0.006305157271154292,
        0.006305157271154292,
        0.006305157271154292,
        0.19967523990773164,
        0.006305157271154292,
        0.006305157271154292,
        0.006305157271154292
      ]
    }
  ],
  "run_seconds": 11.361685709096491
}