{
  "policy": "trust",
  "scenario": "hard",
  "n_samples": 250,
  "accuracy": 51.2,
  "accuracy_on_completed": 55.41125541125541,
  "reliability": 92.4,
  "dropped_responses": 7.6,
  "avg_latency_ms": 73.38715464062989,
  "trust_override_count": 0,
  "exit_distribution": [
    0.3,
    0.312,
    0.12,
    0.192
  ],
  "trust_vector": [
    0.19919110717490662,
    0.006274564653961677,
    0.006274564653961677,
    0.006274564653961677,
    0.2698392655207788,
    0.006274564653961677,
    0.006274564653961677,
    0.006274564653961677,
    0.22101867532397143,
    0.006274564653961677,
    0.006274564653961677,
    0.006274564653961677,
    0.23465617613280304,
    0.006274564653961677,
    0.006274564653961677,
    0.006274564653961677
  ],
  "peer_summary": {
    "peer_0": {
      "trust": 0.1992,
      "accuracy": 0.2396,
      "latency_ok": 0.9071,
      "calibration": 0.7385
    },
    "peer_1": {
      "trust": 0.0063,
      "accuracy": 0.5,
      "latency_ok": 1.0,
      "calibration": 0.5
    },
    "peer_2": {
      "trust": 0.0063,
      "accuracy": 0.5,
      "latency_ok": 1.0,
      "calibration": 0.5
    },
    "peer_3": {
      "trust": 0.0063,
      "accuracy": 0.5,
      "latency_ok": 1.0,
      "calibration": 0.5
    },
    "peer_4": {
      "trust": 0.2698,
      "accuracy": 0.5548,
      "latency_ok": 0.8959,
      "calibration": 0.7524
    },
    "peer_5": {
      "trust": 0.0063,
      "accuracy": 0.5,
      "latency_ok": 1.0,
      "calibration": 0.5
    },
    "peer_6": {
      "trust": 0.0063,
      "accuracy": 0.5,
      "latency_ok": 1.0,
      "calibration": 0.5
    },
    "peer_7": {
      "trust": 0.0063,
      "accuracy": 0.5,
      "latency_ok": 1.0,
      "calibration": 0.5
    },
    "peer_8": {
      "trust": 0.221,
      "accuracy": 0.4019,
      "latency_ok": 0.0576,
      "calibration": 0.7543
    },
    "peer_9": {
      "trust": 0.0063,
      "accuracy": 0.5,
      "latency_ok": 1.0,
      "calibration": 0.5
    },
    "peer_10": {
      "trust": 0.0063,
      "accuracy": 0.5,
      "latency_ok": 1.0,
      "calibration": 0.5
    },
    "peer_11": {
      "trust": 0.0063,
      "accuracy": 0.5,
      "latency_ok": 1.0,
      "calibration": 0.5
    },
    "peer_12": {
      "trust": 0.2347,
      "accuracy": 0.4583,
      "latency_ok": 0.0576,
      "calibration": 0.5
    },
    "peer_13": {
      "trust": 0.0063,
      "accuracy": 0.5,
      "latency_ok": 1.0,
      "calibration": 0.5
    },
    "peer_14": {
      "trust": 0.0063,
      "accuracy": 0.5,
      "latency_ok": 1.0,
      "calibration": 0.5
    },
    "peer_15": {
      "trust": 0.0063,
      "accuracy": 0.5,
      "latency_ok": 1.0,
      "calibration": 0.5
    }
  },
  "trust_trace": [
    {
      "sample": 32,
      "trust": [
        0.11476302554179575,
        0.017819286985907047,
        0.017819286985907047,
        0.017819286985907047,
        0.17598506748534187,
        0.017819286985907047,
        0.017819286985907047,
        0.017819286985907047,
        0.21998048138971782,
        0.017819286985907047,
        0.017819286985907047,
        0.017819286985907047,
        0.2754399817522599,
        0.017819286985907047,
        0.017819286985907047,
        0.017819286985907047
      ]
    },
    {
      "sample": 64,
      "trust": [
        0.15599417340792698,
        0.0099813488521983,
        0.009981348852198303,
        0.0099813488521983,
        0.22644245667857618,
        0.0099813488521983,
        0.009981348852198303,
        0.0099813488521983,
        0.22655609340832558,
        0.0099813488521983,
        0.0099813488521983,
        0.0099813488521983,
        0.2712310902787915,
        0.0099813488521983,
        0.009981348852198303,
        0.0099813488521983
      ]
    },
    {
      "sample": 96,
      "trust": [
        0.16810081643201433,
        0.007613933309749311,
        0.007613933309749311,
        0.007613933309749311,
        0.2402578080933121,
        0.007613933309749311,
        0.007613933309749311,
        0.007613933309749311,
        0.22775634107780562,
        0.007613933309749311,
        0.007613933309749311,
        0.007613933309749311,
        0.2725178346798764,
        0.007613933309749311,
        0.007613933309749311,
        0.007613933309749311
      ]
    },
    {
      "sample": 128,
      "trust": [
        0.17457424136868985,
        0.006777262839748754,
        0.006777262839748754,
        0.006777262839748754,
        0.25012188822193565,
        0.006777262839748754,
        0.006777262839748754,
        0.006777262839748754,
        0.21968695277580066,
        0.006777262839748754,
        0.006777262839748754,
        0.006777262839748754,
        0.2742897635565888,
        0.006777262839748754,
        0.006777262839748754,
        0.006777262839748754
      ]
    },
    {
      "sample": 160,
      "trust": [
        0.1819207613495851,
        0.006463803536373159,
        0.006463803536373159,
        0.006463803536373159,
        0.2566451684759776,
        0.006463803536373159,
        0.006463803536373159,
        0.006463803536373159,
        0.21615138861084646,
        0.006463803536373159,
        0.006463803536373159,
        0.006463803536373159,
        0.267717039127113,
        0.006463803536373159,
        0.006463803536373159,
        0.006463803536373159
      ]
    },
    {
      "sample": 192,
      "trust": [
        0.1916633713355167,
        0.006347023993079273,
        0.006347023993079273,
        0.006347023993079273,
        0.2659190441014692,
        0.006347023993079273,
        0.006347023993079273,
        0.006347023993079273,
        0.2155167062444523,
        0.006347023993079273,
        0.006347023993079273,
        0.006347023993079273,
        0.25073659040161067,
        0.006347023993079273,
        0.006347023993079273,
        0.006347023993079273
      ]
    },
    {
      "sample": 224,
      "trust": [
        0.2007982681636602,
        0.0062991624687173935,
        0.0062991624687173935,
        0.0062991624687173935,
        0.27289431547688825,
        0.0062991624687173935,
        0.0062991624687173935,
        0.0062991624687173935,
        0.22144161152347172,
        0.0062991624687173935,
        0.0062991624687173935,
        0.0062991624687173935,
        0.22927585521137117,
        0.0062991624687173935,
        0.0062991624687173935,
        0.0062991624687173935
      ]
    },
    {
      "sample": 250,
      "trust": [
        0.19919110717490662,
        0.006274564653961677,
        0.006274564653961677,
        0.006274564653961677,
        0.2698392655207788,
        0.006274564653961677,
        0.006274564653961677,
        0.006274564653961677,
        0.22101867532397143,
        0.006274564653961677,
        0.006274564653961677,
        0.006274564653961677,
        0.23465617613280304,
        0.006274564653961677,
        0.006274564653961677,
        0.006274564653961677
      ]
    }
  ],
  "run_seconds": 18.490884582977742
}