{
  "policy": "trust",
  "scenario": "easy",
  "n_samples": 1000,
  "accuracy": 59.0,
  "accuracy_on_completed": 59.0,
  "reliability": 100.0,
  "dropped_responses": 0.0,
  "avg_latency_ms": 16.726461900863796,
  "exit_distribution": [
    0.275,
    0.329,
    0.074,
    0.322
  ],
  "trust_vector": [
    0.14581542818146692,
    0.00625,
    0.00625,
    0.00625,
    0.22676632580038183,
    0.00625,
    0.00625,
    0.00625,
    0.2638345450920371,
    0.00625,
    0.00625,
    0.00625,
    0.2885837009261142,
    0.00625,
    0.00625,
    0.00625
  ],
  "peer_summary": {
    "peer_0": {
      "trust": 0.1458,
      "accuracy": 0.3174,
      "latency_ok": 0.9488,
      "calibration": 0.6567
    },
    "peer_1": {
      "trust": 0.0063,
      "accuracy": 0.5,
      "latency_ok": 1.0,
      "calibration": 0.5
    },
    "peer_2": {
      "trust": 0.0063,
      "accuracy": 0.5,
      "latency_ok": 1.0,
      "calibration": 0.5
    },
    "peer_3": {
      "trust": 0.0063,
      "accuracy": 0.5,
      "latency_ok": 1.0,
      "calibration": 0.5
    },
    "peer_4": {
      "trust": 0.2268,
      "accuracy": 0.631,
      "latency_ok": 0.9856,
      "calibration": 0.688
    },
    "peer_5": {
      "trust": 0.0063,
      "accuracy": 0.5,
      "latency_ok": 1.0,
      "calibration": 0.5
    },
    "peer_6": {
      "trust": 0.0063,
      "accuracy": 0.5,
      "latency_ok": 1.0,
      "calibration": 0.5
    },
    "peer_7": {
      "trust": 0.0063,
      "accuracy": 0.5,
      "latency_ok": 1.0,
      "calibration": 0.5
    },
    "peer_8": {
      "trust": 0.2638,
      "accuracy": 0.4091,
      "latency_ok": 0.9814,
      "calibration": 0.6742
    },
    "peer_9": {
      "trust": 0.0063,
      "accuracy": 0.5,
      "latency_ok": 1.0,
      "calibration": 0.5
    },
    "peer_10": {
      "trust": 0.0063,
      "accuracy": 0.5,
      "latency_ok": 1.0,
      "calibration": 0.5
    },
    "peer_11": {
      "trust": 0.0063,
      "accuracy": 0.5,
      "latency_ok": 1.0,
      "calibration": 0.5
    },
    "peer_12": {
      "trust": 0.2886,
      "accuracy": 0.3092,
      "latency_ok": 0.9901,
      "calibration": 0.5
    },
    "peer_13": {
      "trust": 0.0063,
      "accuracy": 0.5,
      "latency_ok": 1.0,
      "calibration": 0.5
    },
    "peer_14": {
      "trust": 0.0063,
      "accuracy": 0.5,
      "latency_ok": 1.0,
      "calibration": 0.5
    },
    "peer_15": {
      "trust": 0.0063,
      "accuracy": 0.5,
      "latency_ok": 1.0,
      "calibration": 0.5
    }
  },
  "trust_trace": [
    {
      "sample": 32,
      "trust": [
        0.10975114925925258,
        0.016941487769408188,
        0.016941487769408188,
        0.016941487769408188,
        0.17062915928650874,
        0.016941487769408188,
        0.016941487769408188,
        0.016941487769408188,
        0.22894157667031803,
        0.016941487769408188,
        0.016941487769408188,
        0.016941487769408188,
        0.28738026155102253,
        0.016941487769408188,
        0.016941487769408188,
        0.016941487769408188
      ]
    },
    {
      "sample": 64,
      "trust": [
        0.13191846992971404,
        0.008956611163600593,
        0.008956611163600593,
        0.008956611163600593,
        0.2005729835001386,
        0.008956611163600593,
        0.008956611163600593,
        0.008956611163600593,
        0.25798528690238404,
        0.008956611163600593,
        0.008956611163600593,
        0.008956611163600593,
        0.3020439257045562,
        0.008956611163600593,
        0.008956611163600593,
        0.008956611163600593
      ]
    },
    {
      "sample": 96,
      "trust": [
        0.13493290205032485,
        0.006968451111623506,
        0.006968451111623506,
        0.006968451111623506,
        0.20641140543984482,
        0.006968451111623506,
        0.006968451111623506,
        0.006968451111623506,
        0.26755818975677803,
        0.006968451111623506,
        0.006968451111623506,
        0.006968451111623506,
        0.3074760894135702,
        0.006968451111623506,
        0.006968451111623506,
        0.006968451111623506
      ]
    },
    {
      "sample": 128,
      "trust": [
        0.1344195806592307,
        0.006439909865962023,
        0.006439909865962023,
        0.006439909865962023,
        0.211007347407274,
        0.006439909865962023,
        0.006439909865962023,
        0.006439909865962023,
        0.2693722655558869,
        0.006439909865962023,
        0.006439909865962023,
        0.006439909865962023,
        0.307921887986064,
        0.006439909865962023,
        0.006439909865962023,
        0.006439909865962023
      ]
    },
    {
      "sample": 160,
      "trust": [
        0.1334238451229816,
        0.006298685013873857,
        0.006298685013873857,
        0.006298685013873857,
        0.20978445000885126,
        0.006298685013873857,
        0.006298685013873857,
        0.006298685013873857,
        0.26929410285683386,
        0.006298685013873857,
        0.006298685013873857,
        0.006298685013873857,
        0.3119133818448468,
        0.006298685013873857,
        0.006298685013873857,
        0.006298685013873857
      ]
    },
    {
      "sample": 192,
      "trust": [
        0.131629460325344,
        0.006262337245740882,
        0.006262337245740882,
        0.006262337245740882,
        0.20840215902640247,
        0.006262337245740882,
        0.006262337245740882,
        0.006262337245740882,
        0.27100206672838234,
        0.006262337245740882,
        0.006262337245740882,
        0.006262337245740882,
        0.31381826697098064,
        0.006262337245740882,
        0.006262337245740882,
        0.006262337245740882
      ]
    },
    {
      "sample": 224,
      "trust": [
        0.13393031365107735,
        0.00625321316367736,
        0.00625321316367736,
        0.00625321316367736,
        0.20971183892056733,
        0.00625321316367736,
        0.00625321316367736,
        0.00625321316367736,
        0.2727556258214502,
        0.00625321316367736,
        0.00625321316367736,
        0.00625321316367736,
        0.3085636636427767,
        0.00625321316367736,
        0.00625321316367736,
        0.00625321316367736
      ]
    },
    {
      "sample": 256,
      "trust": [
        0.12864093346456282,
        0.0062507882279408495,
        0.0062507882279408495,
        0.0062507882279408495,
        0.20521667850992278,
        0.0062507882279408495,
        0.0062507882279408495,
        0.0062507882279408495,
        0.2747888025185111,
        0.0062507882279408495,
        0.0062507882279408495,
        0.0062507882279408495,
        0.31634412677171303,
        0.0062507882279408495,
        0.0062507882279408495,
        0.0062507882279408495
      ]
    },
    {
      "sample": 288,
      "trust": [
        0.12566164893104215,
        0.006250195332260017,
        0.006250195332260017,
        0.006250195332260017,
        0.20618074240102766,
        0.006250195332260017,
        0.006250195332260017,
        0.006250195332260017,
        0.2734210007732056,
        0.006250195332260017,
        0.006250195332260017,
        0.006250195332260017,
        0.3197342639076045,
        0.006250195332260017,
        0.006250195332260017,
        0.006250195332260017
      ]
    },
    {
      "sample": 320,
      "trust": [
        0.12799548059414168,
        0.0062500494990358705,
        0.0062500494990358705,
        0.0062500494990358705,
        0.20790764147561125,
        0.0062500494990358705,
        0.0062500494990358705,
        0.0062500494990358705,
        0.26949461580473566,
        0.0062500494990358705,
        0.0062500494990358705,
        0.0062500494990358705,
        0.3196016681370811,
        0.0062500494990358705,
        0.0062500494990358705,
        0.0062500494990358705
      ]
    },
    {
      "sample": 352,