{
  "policy": "random",
  "scenario": "easy",
  "n_samples": 1000,
  "accuracy": 59.0,
  "accuracy_on_completed": 59.0,
  "reliability": 100.0,
  "dropped_responses": 0.0,
  "avg_latency_ms": 16.931986421812326,
  "exit_distribution": [
    0.275,
    0.329,
    0.074,
    0.322
  ],
  "trust_vector": [
    0.0422155068635438,
    0.007913193206699186,
    0.006271712937264809,
    0.027852468457163326,
    0.08379073276453992,
    0.006331775060619529,
    0.28080052205351186,
    0.007054100833944459,
    0.16630570495707223,
    0.013675462019376037,
    0.006659625745122408,
    0.006252768112895332,
    0.01914288438403436,
    0.21338452173406428,
    0.10234901492692111,
    0.01000000594322727
  ],
  "peer_summary": {
    "peer_0": {
      "trust": 0.0422,
      "accuracy": 0.3955,
      "latency_ok": 0.9995,
      "calibration": 0.5848
    },
    "peer_1": {
      "trust": 0.0079,
      "accuracy": 0.1288,
      "latency_ok": 0.9999,
      "calibration": 0.7378
    },
    "peer_2": {
      "trust": 0.0063,
      "accuracy": 0.1807,
      "latency_ok": 0.992,
      "calibration": 0.5486
    },
    "peer_3": {
      "trust": 0.0279,
      "accuracy": 0.4334,
      "latency_ok": 0.9699,
      "calibration": 0.5648
    },
    "peer_4": {
      "trust": 0.0838,
      "accuracy": 0.8382,
      "latency_ok": 0.9849,
      "calibration": 0.6047
    },
    "peer_5": {
      "trust": 0.0063,
      "accuracy": 0.6226,
      "latency_ok": 0.9775,
      "calibration": 0.748
    },
    "peer_6": {
      "trust": 0.2808,
      "accuracy": 0.3767,
      "latency_ok": 0.9841,
      "calibration": 0.6959
    },
    "peer_7": {
      "trust": 0.0071,
      "accuracy": 0.6546,
      "latency_ok": 0.9281,
      "calibration": 0.6238
    },
    "peer_8": {
      "trust": 0.1663,
      "accuracy": 0.5088,
      "latency_ok": 0.9842,
      "calibration": 0.5004
    },
    "peer_9": {
      "trust": 0.0137,
      "accuracy": 0.4607,
      "latency_ok": 0.9598,
      "calibration": 0.5554
    },
    "peer_10": {
      "trust": 0.0067,
      "accuracy": 0.5104,
      "latency_ok": 0.9825,
      "calibration": 0.5421
    },
    "peer_11": {
      "trust": 0.0063,
      "accuracy": 0.4161,
      "latency_ok": 0.9296,
      "calibration": 0.5618
    },
    "peer_12": {
      "trust": 0.0191,
      "accuracy": 0.4714,
      "latency_ok": 1.0,
      "calibration": 0.5
    },
    "peer_13": {
      "trust": 0.2134,
      "accuracy": 0.3391,
      "latency_ok": 1.0,
      "calibration": 0.5
    },
    "peer_14": {
      "trust": 0.1023,
      "accuracy": 0.3112,
      "latency_ok": 0.9998,
      "calibration": 0.5
    },
    "peer_15": {
      "trust": 0.01,
      "accuracy": 0.2015,
      "latency_ok": 1.0,
      "calibration": 0.5
    }
  },
  "trust_trace": [
    {
      "sample": 32,
      "trust": [
        0.008706850179397997,
        0.06874191705023022,
        0.006777497157546259,
        0.007077765104809255,
        0.010610282049903108,
        0.007870569936357288,
        0.16030697093492038,
        0.03085913629847374,
        0.04278853916500844,
        0.006299255130204579,
        0.013297749281028521,
        0.23182794963804493,
        0.006299255130204579,
        0.10216063605225788,
        0.019498575844603322,
        0.27687705104700944
      ]
    },
    {
      "sample": 64,
      "trust": [
        0.008776218361617912,
        0.0278366569493982,
        0.006727300671761098,
        0.00701291149785813,
        0.010439675567228237,
        0.007860316312714452,
        0.0693434709673933,
        0.01458509825036052,
        0.019334687938769406,
        0.22316816682598378,
        0.006254436000309938,
        0.11466632795353875,
        0.27912227208086315,
        0.042818362714654244,
        0.0062584284126616435,
        0.1557956694948873
      ]
    },
    {
      "sample": 96,
      "trust": [
        0.00979574559211811,
        0.03905315417583888,
        0.007090905045497578,
        0.007499036252169845,
        0.013319535841757995,
        0.008956757306018949,
        0.06605386753007139,
        0.02884460136591637,
        0.006268720146093292,
        0.2297560046279272,
        0.01867451037880833,
        0.11423168449181244,
        0.27828867788625566,
        0.006303816311016358,
        0.006250011902590082,
        0.15961297114610745
      ]
    },
    {
      "sample": 128,
      "trust": [
        0.008303584191327483,
        0.03728802705222139,
        0.006687852744850757,
        0.006913333841800561,
        0.010472561990187671,
        0.007740765000067167,
        0.06743617341009372,
        0.006267868630031153,
        0.0263951442374972,
        0.2275741040729329,
        0.013421596054338042,
        0.11271272089474894,
        0.28484448393115647,
        0.006250041712107231,
        0.01898511319954377,
        0.15870662903709537
      ]
    },
    {
      "sample": 160,
      "trust": [
        0.009580822006074149,
        0.06095452041054114,
        0.00694772950240694,
        0.0073178881584080955,
        0.013026436898758867,
        0.0086334582009892,
        0.16474554804972583,
        0.04322797138108365,
        0.006273345086048479,
        0.0065713409055515835,
        0.017616862825381063,
        0.2439268388341339,
        0.27086172323806673,
        0.10681913753694407,
        0.027068648158131606,
        0.006427728807754733
      ]
    },
    {
      "sample": 192,
      "trust": [
        0.00723345747190381,
        0.023820682853675064,
        0.006448394676021428,
        0.006544941156496281,
        0.008404510094597141,
        0.006938116941510199,
        0.06731715784734109,
        0.01295108212682668,
        0.017867850173587725,
        0.23784082547874147,
        0.006253209204333982,
        0.11227669021317885,
        0.26621384076704385,
        0.043885627440659485,
        0.010113003353201932,
        0.16589061020088108
      ]
    },
    {
      "sample": 224,
      "trust": [
        0.008156742379845512,
        0.0384476659815118,
        0.006623652525375943,
        0.006845583182492659,
        0.01028208356286454,
        0.007585228530223363,
        0.1142071431612137,
        0.027685692371762334,
        0.006257957786032082,
        0.22349265187867728,
        0.01362631434542408,
        0.1753797768849565,
        0.2671834200002701,
        0.06901919333733308,
        0.018835095717985344,
        0.006371798354031843
      ]
    },
    {
      "sample": 256,
      "trust": [
        0.007959188041203618,
        0.05593321699667065,
        0.006576519608071599,
        0.006766864696867298,
        0.009697854533282969,
        0.0074346984781615,
        0.16601944010376102,
        0.026546065114741838,
        0.04264368676090117,
        0.0064019946084355826,
        0.012702408462126277,
        0.2386377308037303,
        0.2867338358440195,
        0.10136843476684243,
        0.018328001359651,
        0.006250059821533191
      ]
    },
    {
      "sample": 288,
      "trust": [
        0.006721514196872466,
        0.02226814079532038,
        0.006344648808078563,
        0.006403250214423279,
        0.007262181294647123,
        0.006596122079103386,
        0.0679981290110551,
        0.012644756106757707,
        0.01779529858988633,
        0.2265281271986935,
        0.008144436842002022,
        0.10783584959177551,
        0.2818019264397508,
        0.04003806063612885,
        0.009860618151108242,
        0.17175694004439665
      ]
    },
    {
      "sample": 320,