{
  "policy": "trust",
  "scenario": "hard",
  "n_samples": 1000,
  "accuracy": 58.4,
  "accuracy_on_completed": 58.81168177240685,
  "reliability": 99.3,
  "dropped_responses": 0.7,
  "avg_latency_ms": 21.654638783540577,
  "exit_distribution": [
    0.275,
    0.329,
    0.073,
    0.316
  ],
  "trust_vector": [
    0.15850704012099778,
    0.00625,
    0.00625,
    0.00625,
    0.2385286620642262,
    0.00625,
    0.00625,
    0.00625,
    0.2424538693113185,
    0.00625,
    0.00625,
    0.00625,
    0.2855104285034575,
    0.00625,
    0.00625,
    0.00625
  ],
  "peer_summary": {
    "peer_0": {
      "trust": 0.1585,
      "accuracy": 0.3174,
      "latency_ok": 0.9497,
      "calibration": 0.6567
    },
    "peer_1": {
      "trust": 0.0063,
      "accuracy": 0.5,
      "latency_ok": 1.0,
      "calibration": 0.5
    },
    "peer_2": {
      "trust": 0.0063,
      "accuracy": 0.5,
      "latency_ok": 1.0,
      "calibration": 0.5
    },
    "peer_3": {
      "trust": 0.0063,
      "accuracy": 0.5,
      "latency_ok": 1.0,
      "calibration": 0.5
    },
    "peer_4": {
      "trust": 0.2385,
      "accuracy": 0.631,
      "latency_ok": 0.9765,
      "calibration": 0.688
    },
    "peer_5": {
      "trust": 0.0063,
      "accuracy": 0.5,
      "latency_ok": 1.0,
      "calibration": 0.5
    },
    "peer_6": {
      "trust": 0.0063,
      "accuracy": 0.5,
      "latency_ok": 1.0,
      "calibration": 0.5
    },
    "peer_7": {
      "trust": 0.0063,
      "accuracy": 0.5,
      "latency_ok": 1.0,
      "calibration": 0.5
    },
    "peer_8": {
      "trust": 0.2425,
      "accuracy": 0.3841,
      "latency_ok": 0.6223,
      "calibration": 0.6705
    },
    "peer_9": {
      "trust": 0.0063,
      "accuracy": 0.5,
      "latency_ok": 1.0,
      "calibration": 0.5
    },
    "peer_10": {
      "trust": 0.0063,
      "accuracy": 0.5,
      "latency_ok": 1.0,
      "calibration": 0.5
    },
    "peer_11": {
      "trust": 0.0063,
      "accuracy": 0.5,
      "latency_ok": 1.0,
      "calibration": 0.5
    },
    "peer_12": {
      "trust": 0.2855,
      "accuracy": 0.2904,
      "latency_ok": 0.9504,
      "calibration": 0.5
    },
    "peer_13": {
      "trust": 0.0063,
      "accuracy": 0.5,
      "latency_ok": 1.0,
      "calibration": 0.5
    },
    "peer_14": {
      "trust": 0.0063,
      "accuracy": 0.5,
      "latency_ok": 1.0,
      "calibration": 0.5
    },
    "peer_15": {
      "trust": 0.0063,
      "accuracy": 0.5,
      "latency_ok": 1.0,
      "calibration": 0.5
    }
  },
  "trust_trace": [
    {
      "sample": 32,
      "trust": [
        0.10975114925925258,
        0.016941487769408188,
        0.016941487769408188,
        0.016941487769408188,
        0.17062915928650874,
        0.016941487769408188,
        0.016941487769408188,
        0.016941487769408188,
        0.22894157667031803,
        0.016941487769408188,
        0.016941487769408188,
        0.016941487769408188,
        0.28738026155102253,
        0.016941487769408188,
        0.016941487769408188,
        0.016941487769408188
      ]
    },
    {
      "sample": 64,
      "trust": [
        0.1347684184561773,
        0.009031224736998031,
        0.009031224736998031,
        0.009031224736998031,
        0.203843873764659,
        0.009031224736998031,
        0.009031224736998031,
        0.009031224736998031,
        0.25421113287253855,
        0.009031224736998031,
        0.009031224736998031,
        0.009031224736998031,
        0.2988018780626489,
        0.009031224736998031,
        0.009031224736998031,
        0.009031224736998031
      ]
    },
    {
      "sample": 96,
      "trust": [
        0.14029298623094769,
        0.007025871923278453,
        0.007025871923278453,
        0.007025871923278453,
        0.21224308690029994,
        0.007025871923278453,
        0.007025871923278453,
        0.007025871923278453,
        0.25758108243429,
        0.007025871923278453,
        0.007025871923278453,
        0.007025871923278453,
        0.3055723813551211,
        0.007025871923278453,
        0.007025871923278453,
        0.007025871923278453
      ]
    },
    {
      "sample": 128,
      "trust": [
        0.13854981638414168,
        0.0064630417916516705,
        0.0064630417916516705,
        0.0064630417916516705,
        0.2152581171117094,
        0.0064630417916516705,
        0.0064630417916516705,
        0.0064630417916516705,
        0.26195084732051954,
        0.0064630417916516705,
        0.0064630417916516705,
        0.0064630417916516705,
        0.3066847176838095,
        0.0064630417916516705,
        0.0064630417916516705,
        0.0064630417916516705
      ]
    },
    {
      "sample": 160,
      "trust": [
        0.13756674082169643,
        0.006306733492633962,
        0.006306733492633962,
        0.006306733492633962,
        0.2141868080117499,
        0.006306733492633962,
        0.006306733492633962,
        0.006306733492633962,
        0.26122770968183445,
        0.006306733492633962,
        0.006306733492633962,
        0.006306733492633962,
        0.3113379395731118,
        0.006306733492633962,
        0.006306733492633962,
        0.006306733492633962
      ]
    },
    {
      "sample": 192,
      "trust": [
        0.1363933737101182,
        0.0062650152326263675,
        0.0062650152326263675,
        0.0062650152326263675,
        0.21357777449663615,
        0.0062650152326263675,
        0.0062650152326263675,
        0.0062650152326263675,
        0.25978385156857686,
        0.0062650152326263675,
        0.0062650152326263675,
        0.0062650152326263675,
        0.31506481743315234,
        0.0062650152326263675,
        0.0062650152326263675,
        0.0062650152326263675
      ]
    },
    {
      "sample": 224,
      "trust": [
        0.13870389353453072,
        0.006254080342127778,
        0.006254080342127778,
        0.006254080342127778,
        0.2147783237493704,
        0.006254080342127778,
        0.006254080342127778,
        0.006254080342127778,
        0.26157960575181105,
        0.006254080342127778,
        0.006254080342127778,
        0.006254080342127778,
        0.3098892128587545,
        0.006254080342127778,
        0.006254080342127778,
        0.006254080342127778
      ]
    },
    {
      "sample": 256,
      "trust": [
        0.13279061291061264,
        0.006251037774472053,
        0.006251037774472053,
        0.006251037774472053,
        0.20971039365607302,
        0.006251037774472053,
        0.006251037774472053,
        0.006251037774472053,
        0.2651162261338187,
        0.006251037774472053,
        0.006251037774472053,
        0.006251037774472053,
        0.31737031400583104,
        0.006251037774472053,
        0.006251037774472053,
        0.006251037774472053
      ]
    },
    {
      "sample": 288,
      "trust": [
        0.13007989046020368,
        0.0062502711000348675,
        0.0062502711000348675,
        0.0062502711000348675,
        0.21197679192258884,
        0.0062502711000348675,
        0.0062502711000348675,
        0.0062502711000348675,
        0.2619826317964323,
        0.0062502711000348675,
        0.0062502711000348675,
        0.0062502711000348675,
        0.32095743262035686,
        0.0062502711000348675,
        0.0062502711000348675,
        0.0062502711000348675
      ]
    },
    {
      "sample": 320,
      "trust": [
        0.1342692923449484,
        0.0062500736702114,
        0.0062500736702114,
        0.0062500736702114,
        0.21562837734892099,
        0.0062500736702114,
        0.0062500736702114,
        0.0062500736702114,
        0.2539738027303891,
        0.0062500736702114,
        0.0062500736702114,
        0.0062500736702114,
        0.3211276435332047,
        0.0062500736702114,
        0.0062500736702114,
        0.0062500736702114
      ]
    },
    {
      "sample": 352,