{
  "policy": "random",
  "scenario": "medium",
  "n_samples": 1000,
  "accuracy": 53.4,
  "accuracy_on_completed": 56.21052631578947,
  "reliability": 95.0,
  "dropped_responses": 5.0,
  "avg_latency_ms": 21.57972564129159,
  "exit_distribution": [
    0.284,
    0.316,
    0.074,
    0.276
  ],
  "trust_vector": [
    0.03822444677513873,
    0.006979850940136279,
    0.018456760189618567,
    0.02777700350103362,
    0.07519949522710037,
    0.006293517414815015,
    0.21055546179938348,
    0.17405803583145865,
    0.0067158988892605945,
    0.28355129744980767,
    0.006430251837067886,
    0.008597573136759068,
    0.011209566600765638,
    0.007335806184435883,
    0.10497714355926249,
    0.013637890663956254
  ],
  "peer_summary": {
    "peer_0": {
      "trust": 0.0382,
      "accuracy": 0.2115,
      "latency_ok": 0.9928,
      "calibration": 0.6528
    },
    "peer_1": {
      "trust": 0.007,
      "accuracy": 0.2055,
      "latency_ok": 0.9965,
      "calibration": 0.5788
    },
    "peer_2": {
      "trust": 0.0185,
      "accuracy": 0.371,
      "latency_ok": 0.8148,
      "calibration": 0.6086
    },
    "peer_3": {
      "trust": 0.0278,
      "accuracy": 0.4259,
      "latency_ok": 0.907,
      "calibration": 0.5778
    },
    "peer_4": {
      "trust": 0.0752,
      "accuracy": 0.6749,
      "latency_ok": 0.9772,
      "calibration": 0.6317
    },
    "peer_5": {
      "trust": 0.0063,
      "accuracy": 0.6042,
      "latency_ok": 0.9731,
      "calibration": 0.7103
    },
    "peer_6": {
      "trust": 0.2106,
      "accuracy": 0.4617,
      "latency_ok": 0.7571,
      "calibration": 0.4945
    },
    "peer_7": {
      "trust": 0.1741,
      "accuracy": 0.5786,
      "latency_ok": 0.9433,
      "calibration": 0.7371
    },
    "peer_8": {
      "trust": 0.0067,
      "accuracy": 0.2881,
      "latency_ok": 0.9717,
      "calibration": 0.5103
    },
    "peer_9": {
      "trust": 0.2836,
      "accuracy": 0.5064,
      "latency_ok": 0.9269,
      "calibration": 0.5504
    },
    "peer_10": {
      "trust": 0.0064,
      "accuracy": 0.441,
      "latency_ok": 0.7671,
      "calibration": 0.5935
    },
    "peer_11": {
      "trust": 0.0086,
      "accuracy": 0.1553,
      "latency_ok": 0.922,
      "calibration": 0.48
    },
    "peer_12": {
      "trust": 0.0112,
      "accuracy": 0.4564,
      "latency_ok": 0.9931,
      "calibration": 0.5
    },
    "peer_13": {
      "trust": 0.0073,
      "accuracy": 0.1601,
      "latency_ok": 0.9997,
      "calibration": 0.5
    },
    "peer_14": {
      "trust": 0.105,
      "accuracy": 0.4424,
      "latency_ok": 0.9876,
      "calibration": 0.5
    },
    "peer_15": {
      "trust": 0.0136,
      "accuracy": 0.2814,
      "latency_ok": 0.9997,
      "calibration": 0.5
    }
  },
  "trust_trace": [
    {
      "sample": 32,
      "trust": [
        0.014393075751237685,
        0.1650260725786104,
        0.007926918792440172,
        0.008760113893515884,
        0.019468298161128533,
        0.011100036836812679,
        0.23195535016761884,
        0.07694133994570872,
        0.11397557450997711,
        0.006409666132169596,
        0.027764697392570814,
        0.2511449593130178,
        0.006409666132169596,
        0.006409666132169596,
        0.04590489812868304,
        0.006409666132169596
      ]
    },
    {
      "sample": 64,
      "trust": [
        0.007841643180990189,
        0.03252594759469905,
        0.006573711487316743,
        0.006766134782433461,
        0.008958184936385878,
        0.007280326086663022,
        0.07836650718876932,
        0.016064750005483595,
        0.023697623002185527,
        0.26151044698285153,
        0.010969227670324743,
        0.10060289413807881,
        0.1498782533976283,
        0.05285803035546266,
        0.006267749547520656,
        0.2298385696432066
      ]
    },
    {
      "sample": 96,
      "trust": [
        0.008950886787520165,
        0.0304208709073142,
        0.006813344430295629,
        0.007115238725234942,
        0.011416761045628072,
        0.008173188124606464,
        0.07130799896497353,
        0.021430114929713435,
        0.006269217769152514,
        0.2731718402862951,
        0.0062551180986169215,
        0.10452305549996077,
        0.13849294850144733,
        0.05153823167901549,
        0.015216686766090079,
        0.23890449748413548
      ]
    },
    {
      "sample": 128,
      "trust": [
        0.011017061244164279,
        0.06836727563915217,
        0.007172303905639947,
        0.007783482340127906,
        0.01590543004491061,
        0.009814357339843677,
        0.1606321339388653,
        0.05128023123440587,
        0.006250032851634475,
        0.29030023081407197,
        0.0225672610909116,
        0.18962452328141358,
        0.006481765912080508,
        0.11194631734568021,
        0.03407109421965179,
        0.006786498797446111
      ]
    },
    {
      "sample": 160,
      "trust": [
        0.013143516676323169,
        0.1475750461944213,
        0.007457777679187457,
        0.008206619206173065,
        0.019334856285944817,
        0.01103942839563333,
        0.20609185987441161,
        0.07063848823971472,
        0.12008093569454452,
        0.0072299508598075305,
        0.028966934948567474,
        0.006682378118332506,
        0.006250460078862709,
        0.006471473239454021,
        0.044866441224206334,
        0.2959638332844155
      ]
    },
    {
      "sample": 192,
      "trust": [
        0.007680240944747973,
        0.029209870305412923,
        0.006524409304508372,
        0.006641654289567116,
        0.008940023668147874,
        0.007256079066824971,
        0.07095463891834419,
        0.015165262774460942,
        0.023004011984877955,
        0.2952061891659073,
        0.011219307814254379,
        0.08973097286604197,
        0.1449383544145263,
        0.04667761065842648,
        0.006266671231158804,
        0.23058470259279243
      ]
    },
    {
      "sample": 224,
      "trust": [
        0.0076776024870171215,
        0.042616123543391116,
        0.006538988995657555,
        0.006655170371190834,
        0.008992127523439586,
        0.0072793901411272,
        0.10455791525646646,
        0.021220496104551467,
        0.03273957301238994,
        0.3037271548372019,
        0.010764811551396521,
        0.13482471940704135,
        0.006332115066053217,
        0.06441055183036,
        0.014778142235703376,
        0.22688511763701227
      ]
    },
    {
      "sample": 256,
      "trust": [
        0.008255886406169734,
        0.04192308318287023,
        0.0066629304080776585,
        0.006802874163376081,
        0.0104132465988047,
        0.0077158420950247525,
        0.06486168211103187,
        0.03020245171584643,
        0.006269551094425298,
        0.2985600769093125,
        0.013748417557802473,
        0.09513879762928877,
        0.14540169701226058,
        0.00629492149217034,
        0.020605566246152365,
        0.2371429753773861
      ]
    },
    {
      "sample": 288,
      "trust": [
        0.006912426632877467,
        0.027114383643594184,
        0.006381551355934217,
        0.0064157329097480845,
        0.0075175153592767895,
        0.0067365389763205585,
        0.06724892236000087,
        0.014017561393059479,
        0.02171885873188433,
        0.2951165635678017,
        0.008850283638431532,
        0.09017185466421525,
        0.15330942354124144,
        0.04372650393780209,
        0.011023728784148831,
        0.2337381505036633
      ]
    },
    {
      "sample": 320,